konut_tipi,oda_sayisi,kat,metrekare,il,ilce,fiyat
Daire,1+1,4,70,İstanbul,Beyoğlu,17000
Daire,1 Oda,3,45,Ankara,Çankaya,25000 29000
Daire,2+1,3,110,Samsun,Atakum,23000
Daire,2+0,2,75,İzmir,Buca,15000
Daire,1+1,4,70,İstanbul,Arnavutköy,16000
Daire,1+1,3,40,Hatay,İskenderun,15000
Daire,2+1,9,95,İstanbul,Tuzla,28500 32500
Daire,1 Oda,2,55,Muğla,Bodrum,35000
Daire,1+1,2,50,Edirne,Edirne Merkez,13000
Daire,2+1,3,110,Adana,Seyhan,10000
Daire,3+1,3,120,Ankara,Keçiören,25000
Daire,4+1,3,130,İstanbul,Sultangazi,27000
Daire,2+1,2,100,Tekirdağ,Kapaklı,15000
Daire,1+1,7,50,İzmir,Çiğli,24000
Daire,3+1,6,120,İstanbul,Sultangazi,28000
Daire,1+1,3,60,Eskişehir,Tepebaşı,15000
Daire,1+1,3,60,Tekirdağ,Süleymanpaşa,16000
Daire,3+1,Yüksek giriş,120,Kırşehir,Kırşehir Merkez,15000
Daire,1+1,2,48,Denizli,Pamukkale,10000
Daire,3+1,3,140,Samsun,İlkadım,15000
Daire,2+1,4,90,Diyarbakır,Kayapınar,26000
Daire,Stüdyo,Çatı katı,55,Samsun,İlkadım,8000
Daire,2+1,3,100,İstanbul,Sultangazi,21000
Daire,2+1,Düz Giriş (Zemin),120,Samsun,Canik,20000
Daire,2+1,1,110,Mersin,Toroslar,15000
Daire,3+1,Çatı katı,125,Kocaeli,Başiskele,26500
Daire,3+1,4,140,İstanbul,Ümraniye,37000
Daire,1+1,3,70,Muğla,Fethiye,25000
Daire,Stüdyo,6,55,Samsun,İlkadım,8000
Daire,3+1,5,220,Manisa,Şehzadeler,35000
Daire,3+1,6,120,İstanbul,Sultangazi,28000
Daire,1+1,3,60,Eskişehir,Tepebaşı,15000
Daire,1+1,3,60,Tekirdağ,Süleymanpaşa,16000
Daire,3+1,Yüksek giriş,120,Kırşehir,Kırşehir Merkez,15000
Daire,1+1,2,48,Denizli,Pamukkale,10000
Daire,3+1,3,140,Samsun,İlkadım,15000
Daire,2+1,4,90,Diyarbakır,Kayapınar,26000
Daire,Stüdyo,Çatı katı,55,Samsun,İlkadım,8000
Daire,2+1,3,100,İstanbul,Sultangazi,21000
Daire,2+1,Düz Giriş (Zemin),120,Samsun,Canik,20000
Daire,2+1,1,110,Mersin,Toroslar,15000
Daire,3+1,Çatı katı,125,Kocaeli,Başiskele,26500
Daire,3+1,4,140,İstanbul,Ümraniye,37000
Daire,1+1,3,70,Muğla,Fethiye,25000
Daire,Stüdyo,6,55,Samsun,İlkadım,8000
Daire,3+1,5,220,Manisa,Şehzadeler,35000
Daire,2+1,2,90,Muğla,Bodrum,32500
Daire,2+1,4,80,İstanbul,Ataşehir,24000
Daire,2+1,3,85,Antalya,Alanya,24000
Daire,1+1,Yüksek giriş,60,Adana,Çukurova,12000
Daire,2+1,6,115,Samsun,İlkadım,11000
Daire,1+1,4,55,Mersin,Erdemli,13000
Daire,3+1,2,110,İstanbul,Tuzla,26000
Daire,3+1,1,105,Isparta,Isparta Merkez,15000
Daire,1+1,Yüksek giriş,77,Niğde,Niğde Merkez,20000
Daire,1+1,Bodrum,55,İstanbul,Fatih,16000
Daire,2+1,Kot 1 (-1),130,Balıkesir,Bandırma,21000
Daire,2+1,4,120,Kırklareli,Lüleburgaz,20000
Daire,2+2,Yüksek giriş,125,Samsun,İlkadım,15000
Daire,3+1,2,145,İzmir,Bergama,20000
Daire,1+1,4,60,İzmir,Bornova,30000
Daire,3+1,4,100,Aydın,Efeler,10000
Daire,3+1,Bahçe katı,120,İstanbul,Maltepe,30000
Daire,2+1,Düz Giriş (Zemin),90,Mersin,Yenişehir,25000
Daire,1+1,2,60,İzmir,Bornova,35000
Daire,2+1,1,110,Kocaeli,Kartepe,12000
Daire,3+1,1,135,Bolu,Bolu Merkez,28000
Daire,3+1,2,160,Aydın,Nazilli,15000
Daire,3+1,16,137,İstanbul,Kartal,50000
Daire,2+1,5,100,Ankara,Sincan,24000
Daire,1+1,Kot 1 (-1),90,Ankara,Keçiören,21000
Daire,1+1,Bahçe katı,125,Samsun,Atakum,40000
Daire,3+1,1,115,Eskişehir,Tepebaşı,23750
Daire,2+1,5,90,Balıkesir,Karesi,18000
Daire,2+1,2,90,Balıkesir,Karesi,21500
Daire,2+1,Yüksek giriş,79,İstanbul,Gaziosmanpaşa,26000
Daire,2+1,Yüksek giriş,90,İstanbul,Kadıköy,34000
Daire,1+1,2,50,Muğla,Menteşe,21000
Daire,2+0,4,60,Aydın,Efeler,23000
Daire,2+1,Düz Giriş (Zemin),95,İstanbul,Küçükçekmece,15000
Daire,3+1,Kot 2 (-2),145,Niğde,Niğde Merkez,26500
Daire,1 Oda,2,45,Adana,Seyhan,9500
Daire,3+1,2,130,Muğla,Marmaris,35000
Daire,1+1,2,50,Muğla,Menteşe,17000
Daire,2+1,3,70,Sakarya,Serdivan,17500
Daire,3.5+1,8,175,Samsun,Atakum,44000
Daire,1+1,3,55,Denizli,Merkezefendi,10000
Daire,2+1,Bahçe katı,70,İzmir,Urla,85000
Daire,1+1,2,55,Mersin,Erdemli,15000
Daire,1+1,Bahçe dublex,80,İstanbul,Şişli,16000
Daire,1+1,4,70,Manisa,Salihli,10000
Daire,2+1,2,100,İzmir,Bayraklı,18000
Daire,3+1,3,120,Ankara,Keçiören,24000
Daire,2+1,Yüksek giriş,85,Bursa,Yıldırım,18000
Daire,2+1,2,95,İstanbul,Arnavutköy,20000
Daire,1+1,2,45,Adana,Seyhan,13000
Daire,3+1,2,90,Kocaeli,Gölcük,14500
Daire,4+1,1,165,Ankara,Keçiören,35000
Daire,2+1,2,85,İzmir,Balçova,25000
Daire,2+1,2,85,İzmir,Karabağlar,15000
Daire,2+1,3,90,Manisa,Şehzadeler,16000
Daire,2+1,2,95,Kastamonu,Kastamonu Merkez,12500
Daire,3+1,3,145,Tokat,Tokat Merkez,20000
Daire,2+1,2,170,Batman,Batman Merkez,14000
Daire,3+1,1,150,Batman,Batman Merkez,14000
Daire,2+1,Bahçe katı,90,İstanbul,Bakırköy,28000
Daire,3+1,4,155,Bursa,Yıldırım,39000
Daire,2+1,5,90,İstanbul,Ümraniye,24000
Daire,1+1,2,60,Aydın,Nazilli,8250
Daire,1+1,2,54,Yalova,Yalova Merkez,28000
Daire,2+1,1,85,Kocaeli,Körfez,14000
Daire,2+1,Düz Giriş (Zemin),90,Trabzon,Ortahisar,10000
Daire,2+0,Düz Giriş (Zemin),85,Samsun,Atakum,8000
Daire,3+1,4,149,Adana,Sarıçam,9500
Daire,2+1,Yüksek giriş,120,Adana,Çukurova,23000
Daire,2+1,Kot 3 (-3),140,Bursa,Nilüfer,26000
Daire,2+1,Yüksek giriş,90,Muğla,Fethiye,16000
Daire,2+0,3,60,Aydın,Efeler,20000
Daire,1+1,11,60,Adana,Sarıçam,10000
Daire,2+1,5,85,Kayseri,Kocasinan,12500
Daire,3+1,4,135,Kocaeli,Gebze,35000
Daire,4+1,1,200,İstanbul,Bahçelievler,79000
Daire,1+1,2,70,Balıkesir,Edremit,20000
Daire,2+1,2,115,Adana,Seyhan,12000
Daire,2+1,Bahçe katı,90,İstanbul,Esenyurt,15000
Daire,3+1,Yüksek giriş,145,Konya,Selçuklu,18000
Daire,2+1,Yüksek giriş,90,İstanbul,Gaziosmanpaşa,25000
Daire,5+1,4,300,Antalya,Konyaaltı,80000
Daire,1+1,Çatı katı,60,İzmir,Foça,22000
Daire,4+1,Müstakil,250,Edirne,Edirne Merkez,60000
Daire,1+1,2,60,Eskişehir,Tepebaşı,10500
Daire,1+1,3,50,Sakarya,Adapazarı,18000
Daire,3+1,3,140,İzmir,Torbalı,25000
Daire,2+1,5,130,Gaziantep,Şehitkamil,19000
Daire,3+1,2,110,Balıkesir,Edremit,32000
Daire,Stüdyo,4,30,Kocaeli,İzmit,17500
Daire,2+1,3,70,Aydın,Nazilli,8500
Daire,3+1,3,130,Aydın,Efeler,23000
Daire,2+1,2,150,Antalya,Konyaaltı,35000
Daire,2+1,2,90,Antalya,Kepez,15700
Daire,2+1,3,100,Muğla,Fethiye,28000
Daire,2+1,2,100,Eskişehir,Tepebaşı,15000
Daire,2+1,1,110,Antalya,Muratpaşa,30000
Daire,2+1,4,86,İzmir,Aliağa,35000
Daire,3+1,Çatı katı,140,İzmir,Aliağa,25000
Daire,2+1,1,80,Tekirdağ,Kapaklı,13000
Daire,3+1,1,160,Manisa,Soma,25000
Daire,2+1,2,85,Gaziantep,Şahinbey,18500
Daire,3+1,3,145,Elazığ,Elazığ Merkez,10000
Daire,2+1,Bahçe katı,85,Balıkesir,Edremit,14000
Daire,1+1,2,60,Adana,Seyhan,13000
Daire,1+1,1,45,Afyonkarahisar,Bolvadin,10000
Daire,3+1,Yüksek giriş,125,Ankara,Mamak,22000
Daire,1+1,3,70,Eskişehir,Tepebaşı,17000
Daire,2+1,2,95,Samsun,İlkadım,17000
Daire,3+1,3,230,Bursa,Osmangazi,35000
Daire,2+0,1,65,Nevşehir,Ürgüp,20000
Daire,2+1,2,120,Adana,Seyhan,12000
Daire,3+1,2,160,Adana,Seyhan,130000
Daire,3+1,3,115,Ankara,Mamak,22000
Daire,3+1,3,140,Aydın,Nazilli,18000
Daire,1 Oda,3,60,Batman,Batman Merkez,16000
Daire,2+1,4,100,İstanbul,Avcılar,28000
Daire,3+1,4,135,Kocaeli,Gebze,35000
Daire,4+1,1,200,İstanbul,Bahçelievler,79000
Daire,1+1,2,70,Balıkesir,Edremit,20000
Daire,2+1,2,115,Adana,Seyhan,12000
Daire,2+1,Bahçe katı,90,İstanbul,Esenyurt,15000
Daire,3+1,Yüksek giriş,145,Konya,Selçuklu,18000
Daire,2+1,Yüksek giriş,90,İstanbul,Gaziosmanpaşa,25000
Daire,5+1,4,300,Antalya,Konyaaltı,80000
Daire,1+1,Çatı katı,60,İzmir,Foça,22000
Daire,4+1,Müstakil,250,Edirne,Edirne Merkez,60000
Daire,1+1,2,60,Eskişehir,Tepebaşı,10500
Daire,1+1,3,50,Sakarya,Adapazarı,18000
Daire,3+1,3,140,İzmir,Torbalı,25000
Daire,2+1,5,130,Gaziantep,Şehitkamil,19000
Daire,3+1,2,110,Balıkesir,Edremit,32000
Daire,Stüdyo,4,30,Kocaeli,İzmit,17500
Daire,2+1,3,70,Aydın,Nazilli,8500
Daire,1+1,Çatı katı,60,İzmir,Foça,22000
Daire,4+1,Müstakil,250,Edirne,Edirne Merkez,60000
Daire,1+1,2,60,Eskişehir,Tepebaşı,10500
Daire,1+1,3,50,Sakarya,Adapazarı,18000
Daire,3+1,3,140,İzmir,Torbalı,25000
Daire,2+1,5,130,Gaziantep,Şehitkamil,19000
Daire,3+1,2,110,Balıkesir,Edremit,32000
Daire,Stüdyo,4,30,Kocaeli,İzmit,17500
Daire,2+1,3,70,Aydın,Nazilli,8500
Daire,3+1,3,130,Aydın,Efeler,23000
Daire,2+1,2,150,Antalya,Konyaaltı,35000
Daire,2+1,2,90,Antalya,Kepez,15700
Daire,2+1,4,130,Bursa,Karacabey,11000
Daire,2+1,3,100,Muğla,Fethiye,28000
Daire,2+1,2,100,Eskişehir,Tepebaşı,15000
Daire,2+1,1,110,Antalya,Muratpaşa,30000
Daire,2+1,4,86,İzmir,Aliağa,35000
Daire,3+1,Çatı katı,140,İzmir,Aliağa,25000
Daire,2+1,1,80,Tekirdağ,Kapaklı,13000
Daire,3+1,1,160,Manisa,Soma,25000
Daire,2+1,2,85,Gaziantep,Şahinbey,18500
Daire,3+1,3,145,Elazığ,Elazığ Merkez,10000
Daire,2+1,Bahçe katı,85,Balıkesir,Edremit,14000
Daire,1+1,4,55,Balıkesir,Bandırma,17000
Daire,3+1,6,145,Bursa,Mudanya,25000
Daire,1+1,2,50,Eskişehir,Tepebaşı,10000
Daire,3+1,4,125,İzmir,Çiğli,20000
Daire,3+1,2,135,Zonguldak,Devrek,18000
Daire,1+1,2,60,İstanbul,Şişli,56500
Daire,2+1,2,70,İstanbul,Şişli,40000
Daire,5+2,Bahçe dublex,360,Denizli,Merkezefendi,60000
Daire,2+1,Bahçe katı,85,Muğla,Bodrum,40000
Daire,2+0,Yüksek giriş,90,Samsun,İlkadım,10500
Daire,3+2,3,120,Ankara,Çankaya,33000
Daire,3+1,Kot 2 (-2),140,İzmir,Balçova,40000
Daire,3+1,3,125,İzmir,Balçova,37500
Daire,2+1,3,85,İzmir,Balçova,33000
Daire,1+1,6,55,İzmir,Bornova,35500
Daire,4+1,2,150,İstanbul,Küçükçekmece,20000
Daire,3+1,2,115,Ankara,Keçiören,19000
Daire,2+1,Yüksek giriş,55,Isparta,Isparta Merkez,12000
Daire,3+1,Bahçe katı,150,Muğla,Köyceğiz,30000
Daire,5+1,3,220,Bursa,İnegöl,18000
Daire,3+1,1,135,Karabük,Karabük Merkez,15000
Daire,1+1,3,70,Giresun,Giresun Merkez,20000
Daire,4+1,13,250,Adana,Seyhan,30000
Daire,2+1,Yüksek giriş,125,Gaziantep,Şahinbey,9500
Daire,2+1,3,98,Samsun,İlkadım,12500
Daire,2+1,Yüksek giriş,130,İzmir,Buca,26000
Daire,2+1,2,90,İzmir,Konak,24000
Daire,3+1,3,170,Karaman,Karaman Merkez,18000
Daire,1+1,5,52,Samsun,Atakum,13000
Daire,2+1,3,70,Ankara,Çankaya,26000
Daire,1+1,2,55,Ankara,Çankaya,46000
Daire,2+1,2,120,İzmir,Buca,20000
Daire,1+1,2,60,Çanakkale,Çanakkale Merkez,18000
Daire,2+1,3,100,Konya,Akşehir,14500
Daire,3+1,Yüksek giriş,120,Yalova,Yalova Merkez,22000
Daire,3+1,1,135,Yalova,Yalova Merkez,25000
Daire,1+1,Düz Giriş (Zemin),65,Muğla,Fethiye,17000
Daire,2+1,3,70,Ankara,Çankaya,26000
Daire,1+1,2,55,Ankara,Çankaya,46000
Daire,2+1,2,120,İzmir,Buca,20000
Daire,1+1,2,60,Çanakkale,Çanakkale Merkez,18000
Daire,2+1,3,100,Konya,Akşehir,14500
Daire,3+1,Yüksek giriş,120,Yalova,Yalova Merkez,22000
Daire,3+1,1,135,Yalova,Yalova Merkez,25000
Daire,1+1,Düz Giriş (Zemin),65,Muğla,Fethiye,17000
Daire,3+1,8,145,Adana,Sarıçam,15000
Daire,1+1,Çatı katı,50,Karaman,Karaman Merkez,12000
Daire,2+1,3,95,İstanbul,Beşiktaş,45000
Daire,2+1,3,80,İstanbul,Beşiktaş,55000
Daire,3+1,3,130,Trabzon,Ortahisar,20000
Daire,2+1,1,100,Samsun,Canik,19000
Daire,3+1,10,117,Ankara,Çankaya,52000
Daire,2+1,5,100,Edirne,Edirne Merkez,20000
Daire,1.5+1,4,75,Mersin,Erdemli,17000
Daire,2+1,4,120,Denizli,Merkezefendi,25000
Daire,4+1,1,250,Adana,Seyhan,20000
Daire,1+1,5,50,Denizli,Merkezefendi,11500
Daire,3+1,2,160,Hatay,İskenderun,20000
Daire,2+1,4,110,Kocaeli,Gebze,20000
Daire,3+1,3,165,Şanlıurfa,Haliliye,11000
Daire,2+1,3,85,İzmir,Bergama,20000
Daire,3+1,1,147,Bursa,Nilüfer,25000
Daire,3+1,4,150,İstanbul,Sultangazi,25000
Daire,2+1,2,105,Samsun,Canik,11000
Daire,4+1,4,165,İzmir,Karşıyaka,90000
Daire,2+1,Çatı Dubleks,120,Antalya,Alanya,20000
Daire,3+1,5,135,Muğla,Menteşe,35000
Daire,1+1,Villa tipi,75,İzmir,Karabağlar,8000
Daire,2+1,1,125,Aydın,Nazilli,14000
Daire,3+1,2,165,Elazığ,Elazığ Merkez,23000
Daire,1+1,Bahçe katı,60,İstanbul,Esenler,14000 15000
Daire,3+1,2,137,Bursa,Nilüfer,26000
Daire,3+1,3,135,Samsun,İlkadım,15000
Daire,3+1,4,125,Muğla,Menteşe,33000
Daire,3+1,2,160,Tekirdağ,Çorlu,22000
Daire,3+1,3,160,Aydın,Nazilli,18000
Daire,2+1,Düz Giriş (Zemin),90,Samsun,Canik,10000
Daire,1+1,6,55,Van,İpekyolu,15000
Daire,3+1,Kot 3 (-3),85,Kocaeli,İzmit,18000
Daire,2+1,1,135,İstanbul,Küçükçekmece,22500
Daire,2+1,Yüksek giriş,90,Samsun,19 Mayıs,28000
Daire,4+1,4,260,Bursa,Yıldırım,29750
Daire,3+1,4,140,Konya,Akşehir,13000
Daire,2+1,1,90,İstanbul,Bağcılar,25000
Daire,3+1,4,130,İstanbul,Bağcılar,24500
Daire,2+1,3,80,İzmir,Buca,21000
Daire,3+1,2,125,Ankara,Mamak,25000
Daire,2+1,Yüksek giriş,90,Ankara,Sincan,20000
Daire,1+1,3,57,Balıkesir,Bandırma,18750
Daire,3+1,4,120,İzmir,Balçova,23000
Daire,3+1,2,170,İstanbul,Avcılar,26000
Daire,3+1,Düz Giriş (Zemin),110,İzmir,Karşıyaka,25000
Daire,2+1,2,135,Gaziantep,Şahinbey,13000
Daire,2+1,Bahçe katı,110,İstanbul,Beşiktaş,60000
Daire,2+1,Bahçe katı,68,İstanbul,Çekmeköy,21000
Daire,2+1,Düz Giriş (Zemin),100,İzmir,Menemen,25000
Daire,2+1,3,100,İzmir,Karabağlar,29000
Daire,1+1,2,65,Trabzon,Ortahisar,19000
Daire,2+1,Bahçe katı,80,İzmir,Buca,20000
Daire,2+1,1,110,Eskişehir,Odunpazarı,22000
Daire,2+1,Yüksek giriş,140,İzmir,Karabağlar,20000
Daire,1+1,3,52,Aydın,Efeler,12000
Daire,1+1,Yüksek giriş,65,İstanbul,Küçükçekmece,18000
Daire,2+1,Yüksek giriş,95,İstanbul,Maltepe,27000
Daire,3+1,2,130,İzmir,Karşıyaka,60000
Daire,2+1,3,90,İstanbul,Arnavutköy,26000
Daire,1+1,3,75,Mersin,Yenişehir,14000
Daire,5+2,Kot 4 (-4),300,Antalya,Alanya,30000
Daire,2+1,Yüksek giriş,95,İstanbul,Üsküdar,38000
Daire,3+1,2,108,İzmir,Karşıyaka,25000
Daire,1+1,4,90,Bursa,Nilüfer,30000
Daire,2+1,4,85,Çanakkale,Çanakkale Merkez,20000
Daire,3+1,10,185,Niğde,Niğde Merkez,28000
Daire,2+1,4,90,Yalova,Yalova Merkez,24000
Daire,2+1,1,95,İstanbul,Sultangazi,25000
Daire,3+1,7,130,Ankara,Altındağ,19000
Daire,1+1,6,50,Adana,Sarıçam,14000
Daire,2+1,4,95,Ankara,Yenimahalle,26000
Daire,2+1,3,125,İzmir,Buca,26000
Daire,1+1,13,60,Adana,Sarıçam,16000
Daire,3+1,1,120,İstanbul,Beykoz,33500
Daire,4+1,8,175,Kayseri,Melikgazi,20000
Daire,1+1,2,40,Denizli,Pamukkale,8500
Daire,1 Oda,Yüksek giriş,35,Ankara,Etimesgut,14000
Daire,2+1,Yüksek giriş,85,Manisa,Yunusemre,30000
Daire,2+1,4,100,İzmir,Gaziemir,28000
Daire,2+1,5,75,Aydın,Nazilli,14000
Daire,1+1,13,60,Adana,Sarıçam,16000
Daire,3+1,1,120,İstanbul,Beykoz,33500
Daire,4+1,8,175,Kayseri,Melikgazi,20000
Daire,1+1,2,40,Denizli,Pamukkale,8500
Daire,1 Oda,Yüksek giriş,35,Ankara,Etimesgut,14000
Daire,2+1,Yüksek giriş,85,Manisa,Yunusemre,30000
Daire,2+1,4,100,İzmir,Gaziemir,28000
Daire,2+1,5,75,Aydın,Nazilli,14000
Daire,3+1,4,160,Balıkesir,Altıeylül,30000
Daire,3+1,2,130,Ankara,Sincan,21000
Daire,1+1,Çatı katı,50,Trabzon,Ortahisar,10500
Daire,3+1,7,145,İzmir,Bayraklı,25000
Daire,3+1,2,145,İzmir,Bayraklı,29000
Daire,3+1,10,138,İzmir,Karşıyaka,45000
Daire,3+1,3,110,Ankara,Çankaya,25000
Daire,2+1,5,80,Ankara,Çankaya,25000
Daire,2+1,2,90,Balıkesir,Ayvalık,30000
Daire,1+1,1,60,Bursa,Nilüfer,17500
Daire,2+1,Bahçe katı,110,İstanbul,Esenyurt,12000
Daire,1+1,Düz Giriş (Zemin),55,Adana,Çukurova,10000
Daire,2+1,5,90,Bursa,Yıldırım,13000
Daire,2+1,2,100,Trabzon,Ortahisar,15500
Daire,2+1,2,110,Adana,Seyhan,14000
Daire,3+1,Yüksek giriş,120,Aydın,Söke,23000
Daire,3+1,3,220,Samsun,İlkadım,13000
Daire,2+1,5,85,İzmir,Çiğli,21000
Daire,1+1,1,50,Aydın,Nazilli,11000
Daire,3+2,4,130,İstanbul,Şişli,49000
Daire,2+1,Yüksek giriş,90,İzmir,Çiğli,26000
Daire,3+1,7,130,Yozgat,Yozgat Merkez,20000
Daire,2+1,Yüksek giriş,90,İzmir,Çiğli,26000
Daire,3+1,7,130,Yozgat,Yozgat Merkez,20000
Daire,2+1,4,90,İstanbul,Üsküdar,34000
Daire,2+1,1,67,İstanbul,Fatih,20000
Daire,1+1,10,75,Tekirdağ,Çorlu,16500
Daire,2+1,Yüksek giriş,130,Manisa,Salihli,10000
Daire,2+0,4,75,Şanlıurfa,Karaköprü,13500
Daire,2+1,1,77,İstanbul,Fatih,18000
Daire,3+1,Düz Giriş (Zemin),110,İstanbul,Üsküdar,42000
Daire,2+1,7,100,Ankara,Yenimahalle,50000
Daire,3+1,5,120,İstanbul,Küçükçekmece,16000
Daire,2+1,9,100,Adana,Seyhan,20000
Daire,1+1,12,110,İstanbul,Esenyurt,14000 15000
Daire,3+1,6,160,Şanlıurfa,Haliliye,14000
Daire,3+1,2,125,Ankara,Mamak,21000
Daire,3+1,4,190,Şanlıurfa,Karaköprü,17000
Daire,1+1,Bahçe katı,50,Ordu,Altınordu,14000
Daire,1+1,4,40,Kilis,Kilis Merkez,6000
Daire,2+1,2,80,Muğla,Bodrum,60000
Daire,3+1,2,125,İzmir,Menemen,30000
Daire,3+1,5,130,Adana,Sarıçam,21000
Daire,1+1,2,50,İzmir,Bayraklı,18000
Daire,1+1,2,55,Eskişehir,Odunpazarı,13500
Daire,2+1,3,85,İstanbul,Bayrampaşa,35000
Daire,3+1,1,160,Bursa,Nilüfer,38000
Daire,2+1,2,125,Antalya,Manavgat,13000
Daire,3+1,6,165,Konya,Selçuklu,35000
Daire,3.5+1,2,140,Diyarbakır,Yenişehir,25000
Daire,2+1,2,120,İstanbul,Ümraniye,28000
Daire,3+1,1,110,Ankara,Mamak,20000
Daire,1+1,3,70,Van,İpekyolu,15000
Daire,2+1,2,100,İstanbul,Küçükçekmece,25000
Daire,3+1,4,130,İzmir,Bayraklı,32000
Daire,1+1,1,50,Aydın,Nazilli,10000
Daire,1+1,2,45,İzmir,Karşıyaka,20000
Daire,3+1,3,150,Yozgat,Sorgun,12000
Daire,1+1,6,50,Adana,Sarıçam,13000
Daire,3+1,3,160,Mersin,Mezitli,17000
Daire,2+1,3,115,Balıkesir,Karesi,11000
Daire,1+1,Çatı katı,65,Balıkesir,Karesi,12000
Daire,1 Oda,3,45,Adana,Seyhan,9500
Daire,1+1,4,55,İzmir,Buca,21000
Daire,Stüdyo,Yüksek giriş,50,Adana,Seyhan,10000
Daire,2+1,6,125,Mersin,Erdemli,15000
Daire,1 Oda,3,55,Eskişehir,Tepebaşı,10000
Daire,2+1,Yüksek giriş,100,Kocaeli,Körfez,28500
Daire,2+1,2,85,İstanbul,Çekmeköy,25000
Daire,2+1,1,95,İzmir,Menderes,35000
Daire,3.5+1,1,150,Adana,Seyhan,155000
Daire,1 Oda,2,30,Gaziantep,Şahinbey,8000
Daire,2+1,1,85,Ordu,Gülyalı,26000
Daire,3+1,Villa tipi,140,Antalya,Manavgat,21000
Daire,Stüdyo,2,45,Adana,Seyhan,9000
Daire,2+1,Bahçe katı,55,Bursa,Nilüfer,14000
Daire,1+1,3,61,Konya,Akşehir,16500
Daire,4+1,4,200,Bolu,Bolu Merkez,30000
Daire,3+1,5,140,Samsun,Bafra,17000
Daire,1+1,10,65,İstanbul,Esenyurt,20000
Daire,4+1,5,190,İstanbul,Gaziosmanpaşa,48000
Daire,2+1,1,90,İstanbul,Kağıthane,40000
Daire,Stüdyo,2,45,Adana,Seyhan,9000
Daire,2+1,Bahçe katı,55,Bursa,Nilüfer,14000
Daire,1+1,3,61,Konya,Akşehir,16500
Daire,4+1,4,200,Bolu,Bolu Merkez,30000
Daire,3+1,5,140,Samsun,Bafra,17000
Daire,1+1,10,65,İstanbul,Esenyurt,20000
Daire,4+1,5,190,İstanbul,Gaziosmanpaşa,48000
Daire,2+1,1,90,İstanbul,Kağıthane,40000
Daire,3+1,3,120,Ankara,Mamak,23000
Daire,3+1,2,130,Ankara,Keçiören,25000
Daire,2+1,2,80,Muğla,Menteşe,23500
Daire,2+1,23,145,İstanbul,Esenyurt,32500
Daire,1+1,1,55,Denizli,Pamukkale,12000
Daire,3+1,3,110,Aydın,Söke,18000
Daire,2+1,Yüksek giriş,120,Balıkesir,Karesi,15000
Daire,2+1,5,120,Antalya,Alanya,45000
Daire,2+1,2,95,İzmir,Menderes,35000
Daire,3+1,2,140,Adana,Sarıçam,15000
Daire,3+1,Düz Giriş (Zemin),110,Rize,Rize Merkez,14000
Daire,3+1,7,150,Antalya,Alanya,54000
Daire,1.5+1,3,68,İstanbul,Kağıthane,30000
Daire,3+1,1,145,Ankara,Keçiören,23000
Daire,Stüdyo,Yüksek giriş,100,İstanbul,Arnavutköy,22000
Daire,2+1,4,85,İstanbul,Güngören,19500
Daire,3+1,2,160,Antalya,Manavgat,29000
Daire,3+1,4,205,Şanlıurfa,Karaköprü,18000
Daire,2+1,1,95,Manisa,Alaşehir,18500
Daire,4+1,4,170,İstanbul,Maltepe,55000
Daire,2+1,Düz Giriş (Zemin),110,Ankara,Keçiören,23000
Daire,2+1,Çatı katı,110,Denizli,Çivril,16000
Daire,2+1,Düz Giriş (Zemin),55,Antalya,Kepez,17000
Daire,3+1,1,140,Ankara,Yenimahalle,27500
Daire,2+1,3,125,Bursa,Nilüfer,23500
Daire,1+1,7,60,Mersin,Mezitli,14000
Daire,2+1,1,110,İstanbul,Pendik,18000
Daire,3+1,1,135,İstanbul,Sarıyer,52000
Daire,1+1,2,50,Samsun,Atakum,12000
Daire,2+1,2,110,Antalya,Alanya,20000
Daire,1+1,4,55,Antalya,Alanya,18500
Daire,3+1,4,160,Denizli,Merkezefendi,17500
Daire,2+1,11,90,Adana,Sarıçam,11000
Daire,1+1,3,65,Antalya,Konyaaltı,25000
Daire,2+1,3,125,İzmir,Bornova,25000
Daire,3+1,Kot 1 (-1),125,Ankara,Keçiören,27500
Daire,2+1,2,85,İstanbul,Beyoğlu,33000
Daire,3+1,1,200,Antalya,Konyaaltı,35000
Daire,2+1,Kot 1 (-1),85,İstanbul,Kağıthane,16000
Daire,2+1,2,100,Aydın,Nazilli,15000
Daire,3+1,3,170,Şanlıurfa,Karaköprü,18000
Daire,2+1,5,85,Diyarbakır,Yenişehir,24000
Daire,3+1,1,85,İstanbul,Kağıthane,30000
Daire,2+1,Yüksek giriş,80,İstanbul,Kağıthane,26000
Daire,3+1,2,122,Manisa,Akhisar,27000
Daire,2+1,2,96,İstanbul,Bayrampaşa,25000
Daire,3+1,2,160,Adana,Çukurova,30000
Daire,Stüdyo,3,30,İstanbul,Kağıthane,12500
Daire,3+1,1,130,Adana,Sarıçam,9000
Daire,3+1,3,165,Malatya,Yeşilyurt,23000
Daire,2+1,2,105,Edirne,Edirne Merkez,18000
Daire,3+1,1,180,İstanbul,Bakırköy,110000
Daire,3+1,5,175,Kayseri,Kocasinan,18500
Daire,3+1,2,125,İstanbul,Maltepe,52500
Daire,1+1,4,60,Edirne,Edirne Merkez,20500
Daire,3+1,3,120,Eskişehir,Tepebaşı,20000
Daire,3+1,2,110,İstanbul,Beykoz,26000
Daire,2+1,3,80,Edirne,Edirne Merkez,17500
Daire,3+1,3,120,Ankara,Keçiören,24500
Daire,1+1,4,45,Aydın,Efeler,14000
Daire,1+1,3,72,Afyonkarahisar,Bolvadin,10000
Daire,3+1,3,145,Adana,Yüreğir,19000
Daire,3+1,Yüksek giriş,115,Ankara,Çankaya,28000
Daire,2+1,2,95,Eskişehir,Tepebaşı,20000
Daire,2+1,1,100,Aydın,Germencik,17000
Daire,2+1,3,100,Mardin,Artuklu,16500
Daire,5+1,Çatı Dubleks,230,Ankara,Etimesgut,31000
Daire,2+1,5,120,İstanbul,Küçükçekmece,40000
Daire,3+1,Yüksek giriş,110,Edirne,Edirne Merkez,28000
Daire,2+1,Yüksek giriş,110,Adana,Sarıçam,7500
Daire,2.5+1,Çatı Dubleks,175,Aydın,Kuşadası,50000
Daire,3+1,1,125,Ankara,Keçiören,23000
Daire,1+1,5,53,İzmir,Bayraklı,26000
Daire,2+1,2,100,İzmir,Seferihisar,35000
Daire,3+1,Kot 1 (-1),120,Ankara,Keçiören,17500
Daire,2+1,5,75,İstanbul,Küçükçekmece,20000
Daire,3+1,4,150,Giresun,Giresun Merkez,25000
Daire,1+1,2,60,Eskişehir,Odunpazarı,10000
Daire,3+1,2,160,Antalya,Muratpaşa,27000
Daire,5+1,3,220,Ankara,Çankaya,42000
Daire,3+1,2,120,Kayseri,Kocasinan,10000
Daire,3+1,7,125,İstanbul,Küçükçekmece,14500
Daire,1+1,5,53,İzmir,Bayraklı,26000
Daire,2+1,2,100,İzmir,Seferihisar,35000
Daire,3+1,Kot 1 (-1),120,Ankara,Keçiören,17500
Daire,2+1,5,75,İstanbul,Küçükçekmece,20000
Daire,3+1,4,150,Giresun,Giresun Merkez,25000
Daire,1+1,2,60,Eskişehir,Odunpazarı,10000
Daire,3+1,2,160,Antalya,Muratpaşa,27000
Daire,5+1,3,220,Ankara,Çankaya,42000
Daire,3+1,2,120,Kayseri,Kocasinan,10000
Daire,3+1,7,125,İstanbul,Küçükçekmece,14500
Daire,4+1,6,185,Ankara,Yenimahalle,37000 40000
Daire,1+1,3,51,Aydın,Nazilli,10000
Daire,2+1,2,105,Batman,Batman Merkez,19000
Daire,2+1,4,105,Aydın,Söke,23000 25000
Daire,2+1,2,110,Mersin,Mezitli,300000
Daire,1+1,Yüksek giriş,55,Sakarya,Karasu,16000
Daire,1+1,2,45,Mersin,Akdeniz,12500
Daire,1+1,Düz Giriş (Zemin),70,Antalya,Manavgat,12000
Daire,3+1,3,125,Sakarya,Hendek,14000
Daire,3+1,1,120,Bursa,Orhangazi,18000
Daire,2+1,1,93,İzmir,Konak,32000
Daire,2+1,5,75,İstanbul,Küçükçekmece,20000
Daire,2+1,1,65,İstanbul,Gaziosmanpaşa,15500
Daire,3+1,12,120,Ankara,Yenimahalle,26000
Daire,2+1,6,75,İstanbul,Pendik,24750
Daire,2+1,4,90,Eskişehir,Odunpazarı,17000
Daire,2+1,2,90,İstanbul,Sultanbeyli,19500
Daire,1+1,2,65,Van,İpekyolu,13000
Daire,2+1,3,85,Manisa,Yunusemre,25000
Daire,1+1,Düz Giriş (Zemin),74,Düzce,Düzce Merkez,9500
Daire,1+1,2,55,Eskişehir,Tepebaşı,15500
Daire,2+1,2,80,İstanbul,Kağıthane,24000
Daire,2+1,2,100,İstanbul,Kartal,32000
Daire,3+1,11,150,Ankara,Yenimahalle,31500
Daire,1+1,2,55,Sakarya,Serdivan,17000
Daire,3+1,3,135,Balıkesir,Edremit,39000
Daire,1+1,Bodrum,45,İstanbul,Bahçelievler,9500
Daire,2+1,1,110,Eskişehir,Tepebaşı,15500
Daire,3+1,5,165,Mersin,Yenişehir,20000
Daire,2.5+1,8,110,Ankara,Yenimahalle,45000
Daire,3+1,1,170,Konya,Selçuklu,36000
Daire,3+1,2,130,Eskişehir,Odunpazarı,18000
Daire,2+1,Düz Giriş (Zemin),90,Kocaeli,İzmit,18000
Daire,2+1,1,100,İstanbul,Gaziosmanpaşa,25000
Daire,1+1,Düz Giriş (Zemin),57,Bursa,Osmangazi,16000
Daire,3+1,2,180,Muğla,Fethiye,26000
Daire,2+1,2,90,İzmir,Bornova,38000
Daire,3+1,4,120,İzmir,Bornova,29000
Daire,1+1,2,55,Çanakkale,Çanakkale Merkez,22000
Daire,2+1,Düz Giriş (Zemin),80,Çanakkale,Çanakkale Merkez,25000
Daire,Stüdyo,Bahçe katı,35,Muğla,Marmaris,16000
Daire,3+1,Yüksek giriş,125,Sivas,Sivas Merkez,15500
Daire,2+1,2,97,Şanlıurfa,Karaköprü,14000
Daire,2+1,6,120,Şanlıurfa,Karaköprü,15000
Daire,2+1,Kot 1 (-1),80,İstanbul,Eyüpsultan,17500
Daire,3+1,5,117,Ankara,Etimesgut,18000
Daire,1+1,4,60,Van,İpekyolu,13500
Daire,2+1,2,110,Balıkesir,Altıeylül,28000
Daire,2+1,Çatı katı,110,Kocaeli,Kartepe,20000
Daire,3+1,2,170,İstanbul,Başakşehir,48000
Daire,2+1,Düz Giriş (Zemin),90,Ankara,Etimesgut,26500
Daire,2+1,4,125,Bursa,Yıldırım,17000
Daire,2+1,2,95,İstanbul,Beylikdüzü,35000
Daire,3+1,5,130,Samsun,Atakum,18500
Daire,2+1,2,85,Manisa,Akhisar,13250
Daire,3+1,3,135,Manisa,Akhisar,16000
Daire,1+1,4,55,Tekirdağ,Süleymanpaşa,19000
Daire,1+1,3,65,Sivas,Sivas Merkez,22000
Daire,1+1,3,55,Bursa,Nilüfer,15000
Daire,2+1,2,90,İstanbul,Avcılar,26000
Daire,1+1,2,69,Eskişehir,Odunpazarı,20000
Daire,2+1,3,95,Kırşehir,Kırşehir Merkez,11500
Daire,2+1,3,120,Bursa,Mudanya,28000
Daire,3+1,1,120,Manisa,Salihli,15000
Daire,1+1,6,60,Samsun,Atakum,20000
Daire,4+1,1,180,Bursa,Yıldırım,22000
Daire,2+1,2,90,Manisa,Alaşehir,20000
Daire,3+1,1,95,İstanbul,Esenler,34950
Daire,2+1,1,95,İstanbul,Fatih,34950
Daire,2+1,2,90,İstanbul,Beylikdüzü,40000
Daire,2+1,Bahçe katı,80,İstanbul,Beylikdüzü,30000
Daire,3+1,Düz Giriş (Zemin),125,İstanbul,Beykoz,67000
Daire,4+2,Çatı katı,350,İstanbul,Beykoz,110000
Daire,1+1,3,60,Malatya,Yeşilyurt,22500
Daire,2+1,3,95,Sakarya,Adapazarı,13000
Daire,3+1,Kot 2 (-2),120,İzmir,Konak,24000
Daire,2+1,2,100,Eskişehir,Odunpazarı,15000
Daire,3+1,5,120,Kocaeli,Gölcük,23000
Daire,3+1,2,120,Eskişehir,Odunpazarı,17000
Daire,1+1,Kot 1 (-1),60,İzmir,Buca,20000
Daire,2+1,2,98,İzmir,Karabağlar,25000
Daire,2+1,2,100,İzmir,Bornova,28000
Daire,2+1,Düz Giriş (Zemin),95,Ankara,Çankaya,25000
Daire,1+1,2,45,Kırklareli,Lüleburgaz,15000
Daire,3+1,1,135,Kayseri,Melikgazi,11500
Daire,3+1,4,130,İzmir,Karabağlar,35000
Daire,Stüdyo,14,34,İzmir,Bornova,21000
Daire,1+1,Düz Giriş (Zemin),60,İzmir,Buca,15500
Daire,Stüdyo,10,40,İzmir,Bornova,17500
Daire,2+1,2,75,İzmir,Tire,30000
Daire,1+1,5,60,İzmir,Konak,50000
Daire,3+1,7,147,Gaziantep,Şehitkamil,14000
Daire,2+1,Düz Giriş (Zemin),75,İstanbul,Maltepe,19000
Daire,3+1,3,110,Ankara,Çankaya,33000
Daire,2+1,2,90,Muğla,Ula,22000
Daire,4+1,6,195,Kayseri,Kocasinan,19750
Daire,3+1,2,137,Burdur,Bucak,21000
Daire,3+1,4,125,Ankara,Keçiören,20000
Daire,1+1,1,60,Kırklareli,Lüleburgaz,14750
Daire,3+1,2,140,Yalova,Yalova Merkez,28000
Daire,3+1,Kot 1 (-1),100,Ankara,Mamak,17500
Daire,1+1,2,60,Samsun,Atakum,13500
Daire,1+1,3,50,Batman,Batman Merkez,15000
Daire,3+1,4,155,Bursa,Mustafakemalpaşa,25000
Daire,2+0,Çatı katı,130,İstanbul,Avcılar,25000
Daire,2+1,3,85,Sakarya,Karasu,20000
Daire,1+1,2,52,Isparta,Isparta Merkez,18000
Daire,2+1,1,120,Manisa,Turgutlu,17500
Daire,1+1,7,55,Adana,Sarıçam,16000
Daire,4+1,Müstakil,120,Bolu,Bolu Merkez,25000
Daire,3+1,5,110,İstanbul,Kadıköy,42000
Daire,3+1,Yüksek giriş,120,İstanbul,Üsküdar,25000
Daire,3+1,3,125,Manisa,Yunusemre,22000
Daire,3+1,5,125,Manisa,Şehzadeler,20000
Daire,2+1,Yüksek giriş,95,Antalya,Muratpaşa,36000
Daire,1+1,1,60,Aydın,Nazilli,13000
Daire,3+1,3,100,İstanbul,Pendik,45000
Daire,2+1,5,120,Aydın,Efeler,10000
Daire,Stüdyo,4,65,KKTC,İskele,21000
Daire,3+1,3,135,Bursa,Mudanya,21000
Daire,1+1,1,55,Antalya,Finike,13500
Daire,2+1,4,85,İstanbul,Zeytinburnu,28000
Daire,1+1,Bahçe katı,65,İstanbul,Avcılar,18500
Daire,2+1,Düz Giriş (Zemin),80,İstanbul,Avcılar,13000
Daire,1+1,2,75,Şanlıurfa,Karaköprü,15000
Daire,3+1,5,150,Antalya,Kumluca,18000
Daire,3+1,Düz Giriş (Zemin),190,Antalya,Finike,20000
Daire,2+1,2,75,İzmir,Menemen,20000
Daire,1+1,4,50,İzmir,Menemen,17000
Daire,2+2,4,90,İstanbul,Sancaktepe,25000
Daire,3+1,3,125,Giresun,Bulancak,15000
Daire,3+1,3,140,Giresun,Bulancak,18500
Daire,1+1,2,60,Samsun,Atakum,13000
Daire,2+1,Yüksek giriş,85,Ankara,Mamak,16000
Daire,1+1,Düz Giriş (Zemin),55,Nevşehir,Nevşehir Merkez,14000
Daire,2+1,2,72,Antalya,Kumluca,15500
Daire,2+1,5,100,İstanbul,Esenler,23000
Daire,3+1,3,120,Ankara,Sincan,20000
Daire,2+1,5,158,Bursa,Nilüfer,22000
Daire,2+1,1,95,Bursa,Nilüfer,15500
Daire,2+2,4,90,İstanbul,Sancaktepe,25000
Daire,3+1,3,125,Giresun,Bulancak,15000
Daire,3+1,3,140,Giresun,Bulancak,18500
Daire,1+1,2,60,Samsun,Atakum,13000
Daire,2+1,Yüksek giriş,85,Ankara,Mamak,16000
Daire,1+1,Düz Giriş (Zemin),55,Nevşehir,Nevşehir Merkez,14000
Daire,2+1,2,72,Antalya,Kumluca,15500
Daire,2+1,5,100,İstanbul,Esenler,23000
Daire,3+1,3,120,Ankara,Sincan,20000
Daire,2+1,5,158,Bursa,Nilüfer,22000
Daire,2+1,1,95,Bursa,Nilüfer,15500
Daire,2+1,1,100,İzmir,Karabağlar,20000
Daire,3+1,1,135,Muğla,Yatağan,22000
Daire,2+1,1,115,Şanlıurfa,Haliliye,9000
Daire,3+1,10,175,Kayseri,Melikgazi,14000
Daire,Stüdyo,Kot 1 (-1),60,Muğla,Bodrum,35000
Daire,Stüdyo,Kot 1 (-1),60,Muğla,Bodrum,30000
Daire,1+1,Yüksek giriş,65,İstanbul,Avcılar,22000
Daire,3+1,3,135,İzmir,Tire,18000
Daire,3+1,2,145,Bursa,Kestel,25000
Daire,2+1,Yüksek giriş,90,İstanbul,Pendik,14000
Daire,2+1,2,100,Manisa,Yunusemre,12000
Daire,2+1,4,105,Ordu,Ünye,12000
Daire,3+1,3,130,Yalova,Yalova Merkez,36000
Daire,2+1,2,85,Yalova,Altınova,20000
Daire,2+1,Çatı katı,95,Ordu,Altınordu,16500
Daire,3+2,7,200,Antalya,Alanya,36000
Daire,2+1,Bahçe katı,75,Bursa,Nilüfer,17000
Daire,3+1,12,140,İstanbul,Beylikdüzü,28500
Daire,1+1,10,65,Mersin,Yenişehir,18500
Daire,2.5+1,1,125,Mersin,Erdemli,5500
Daire,2+1,2,115,Mersin,Erdemli,13500
Daire,2+1,4,68,İstanbul,Sarıyer,25000
Daire,2+1,2,90,Kocaeli,Başiskele,20000
Daire,1+1,3,50,Eskişehir,Tepebaşı,10000
Daire,2+1,2,100,İstanbul,Bakırköy,51000
Daire,1+1,1,58,İzmir,Menemen,20000
Daire,4+1,Müstakil,250,Çanakkale,Çanakkale Merkez,110000
Daire,3+1,5,160,Kayseri,Melikgazi,20000
Daire,2+1,6,101,Edirne,Keşan,13000
Daire,2+1,Bahçe katı,75,Edirne,Keşan,45000
Daire,1+1,4,62,Giresun,Giresun Merkez,15500
Daire,2+1,2,110,İstanbul,Arnavutköy,19000
Daire,2+1,1,85,İstanbul,Arnavutköy,22000
Daire,2+1,1,120,İstanbul,Arnavutköy,19000
Daire,3+1,2,180,Mersin,Mezitli,20000
Daire,1+1,2,75,Samsun,Atakum,14000
Daire,2.5+1,Düz Giriş (Zemin),130,Şanlıurfa,Haliliye,10000
Daire,3+1,1,115,İstanbul,Avcılar,26000
Daire,2+1,4,95,İstanbul,Sultangazi,16500
Daire,1+1,1,72,Sivas,Sivas Merkez,19000
Daire,3+1,Düz Giriş (Zemin),150,Sivas,Sivas Merkez,15000
Daire,1+1,1,250,Muğla,Dalaman,15000
Daire,1+1,Yüksek giriş,55,İstanbul,Esenyurt,12000
Daire,3+1,3,165,Samsun,Atakum,25000
Daire,2+1,3,85,Muğla,Ula,24000
Daire,2+1,2,85,Muğla,Menteşe,25000
Daire,2+1,4,90,İstanbul,Şişli,65000
Daire,3+1,9,202,Bursa,Nilüfer,27000
Daire,3+1,Yüksek giriş,135,Edirne,Edirne Merkez,20000
Daire,1+1,2,45,Edirne,Edirne Merkez,14500
Daire,1+1,6,75,Van,İpekyolu,10000
Daire,3+1,3,110,Manisa,Salihli,23000
Daire,2+1,2,80,İstanbul,Zeytinburnu,35000
Daire,3+1,4,170,Van,İpekyolu,23000
Daire,1+1,1,50,İzmir,Konak,23500
Daire,2+1,2,95,İzmir,Konak,28000
Daire,2+1,5,80,İzmir,Konak,27500
Daire,2+1,Yüksek giriş,83,Aydın,Kuşadası,25000
Daire,2+1,Kot 2 (-2),80,İstanbul,Üsküdar,27000
Daire,2+1,5,85,İstanbul,Ümraniye,25000
Daire,2+1,1,90,İstanbul,Ataşehir,22000
Daire,1+1,2,50,İstanbul,Eyüpsultan,26000
Daire,2+1,2,90,İstanbul,Çekmeköy,37000
Daire,3+1,1,140,Bursa,Mudanya,20500
Daire,1+1,5,55,Ankara,Etimesgut,23500
Daire,1+1,1,55,İzmir,Buca,17000
Daire,1+1,3,55,Batman,Batman Merkez,18500
Daire,1+1,1,75,İstanbul,Fatih,28500
Daire,3+1,4,130,Samsun,İlkadım,16000
Daire,1+1,4,60,Balıkesir,Altıeylül,17500
Daire,2+1,4,115,Denizli,Merkezefendi,18999
Daire,2+1,Düz Giriş (Zemin),90,İzmir,Konak,11000
Daire,2+1,2,105,Ankara,Çankaya,35000
Daire,2+1,2,65,Bursa,Nilüfer,16000
Daire,2+1,4,65,Bursa,Nilüfer,14999
Daire,2+1,2,70,Bursa,Nilüfer,14000
Daire,1+1,4,40,Batman,Batman Merkez,7000
Daire,1+1,Kot 2 (-2),50,Tekirdağ,Süleymanpaşa,18500
Daire,1+1,2,50,Tekirdağ,Çorlu,12000
Daire,3+1,5,170,Adana,Çukurova,295000 330000
Daire,4+1,11,220,Mersin,Mezitli,35000
Daire,Stüdyo,Bahçe katı,40,İstanbul,Küçükçekmece,8000
Daire,3+1,5,150,Edirne,Edirne Merkez,25000
Daire,2+1,1,90,Sakarya,Erenler,18000
Daire,1+1,Yüksek giriş,50,Düzce,Düzce Merkez,11000
Daire,3+1,7,180,Mardin,Kızıltepe,17500
Daire,2+1,2,85,İstanbul,Sultangazi,24000
Daire,3+1,3,145,İzmir,Gaziemir,36000
Daire,2+1,1,95,İstanbul,Küçükçekmece,20000
Daire,2+1,Kot 2 (-2),105,İstanbul,Beşiktaş,35000
Daire,1+1,1,65,Tekirdağ,Şarköy,20000
Daire,2+1,3,100,Manisa,Turgutlu,15000
Daire,2+1,1,85,İstanbul,Pendik,17500
Daire,3+1,10,140,İstanbul,Tuzla,40000
Daire,3+1,2,130,İstanbul,Pendik,25500
Daire,3+1,Çatı katı,120,Muğla,Fethiye,20000
Daire,3+1,3,155,Samsun,Atakum,25000
Daire,2+1,2,100,İzmir,Bergama,20000
Daire,3+1,4,130,Ankara,Yenimahalle,25000
Daire,2+1,Yüksek giriş,95,İzmir,Torbalı,18500
Daire,1+1,3,45,İzmir,Buca,22000
Daire,2+1,Bahçe katı,90,İstanbul,Pendik,42500
Daire,2+1,4,89,İstanbul,Kadıköy,69000
Daire,2+1,2,55,Sakarya,Serdivan,18000
Daire,3+1,2,140,Sakarya,Serdivan,35000
Daire,1+1,6,65,Şanlıurfa,Haliliye,14500
Daire,2+1,3,115,Ankara,Altındağ,23000
Daire,1+1,4,55,Batman,Batman Merkez,18000
Daire,3+1,2,115,Kocaeli,Başiskele,35000
Daire,2+1,Yüksek giriş,95,İzmir,Torbalı,18500
Daire,1+1,3,45,İzmir,Buca,22000
Daire,2+1,Bahçe katı,90,İstanbul,Pendik,42500
Daire,2+1,4,89,İstanbul,Kadıköy,69000
Daire,2+1,2,55,Sakarya,Serdivan,18000
Daire,3+1,2,140,Sakarya,Serdivan,35000
Daire,1+1,6,65,Şanlıurfa,Haliliye,14500
Daire,2+1,3,115,Ankara,Altındağ,23000
Daire,1+1,4,55,Batman,Batman Merkez,18000
Daire,3+1,2,115,Kocaeli,Başiskele,35000
Daire,1+1,2,45,Manisa,Salihli,13000
Daire,3+1,Düz Giriş (Zemin),120,Manisa,Turgutlu,17000
Daire,2.5+1,1,90,Ankara,Yenimahalle,39750
Daire,3+1,1,130,İzmir,Menemen,32000
Daire,3+1,Bahçe katı,180,Antalya,Konyaaltı,65000
Daire,4+1,2,190,Antalya,Konyaaltı,95000
Daire,1+1,3,44,İzmir,Bornova,19500
Daire,3+1,2,160,Denizli,Pamukkale,27500
Daire,1+1,2,67,Aydın,Kuşadası,20000
Daire,2+1,Bodrum,95,İstanbul,Bağcılar,13000
Daire,3+1,Düz Giriş (Zemin),150,Kilis,Kilis Merkez,14000
Daire,1+1,Yüksek giriş,55,Kilis,Kilis Merkez,6750
Daire,3+1,2,165,Konya,Meram,27000
Daire,2+1,4,100,İstanbul,Ataşehir,22000
Daire,2+1,Yüksek giriş,100,İstanbul,Ataşehir,20000
Daire,2+1,1,120,İstanbul,Ataşehir,22000
Daire,3+1,4,140,Şanlıurfa,Haliliye,13000
Daire,2+1,7,120,Şanlıurfa,Karaköprü,11000
Daire,1+1,2,55,Şanlıurfa,Karaköprü,14500
Daire,2+1,Bahçe katı,95,İstanbul,Esenyurt,16000
Daire,3+1,1,150,Adana,Yüreğir,155000
Daire,2+1,1,110,Adana,Sarıçam,10000
Daire,2+1,5,105,İstanbul,Kadıköy,80000
Daire,3+1,2,145,İzmir,Çiğli,58000
Daire,2+1,Yüksek giriş,95,İstanbul,Sultangazi,15500
Daire,1+1,4,60,Kahramanmaraş,Dulkadiroğlu,24000
Daire,2+1,1,75,Kahramanmaraş,Dulkadiroğlu,18000
Daire,1+1,1,65,Ankara,Keçiören,28000
Daire,2+1,1,100,Ankara,Keçiören,27500
Daire,2+1,1,80,Sakarya,Serdivan,18500
Daire,1+1,2,65,Sakarya,Serdivan,14000
Daire,Stüdyo,2,40,Sakarya,Serdivan,14000
Daire,1+1,2,50,Ankara,Gölbaşı,23500
Daire,1+1,Yüksek giriş,60,Kars,Kars Merkez,14500
Daire,2+1,13,85,Adana,Sarıçam,15000
Daire,2+1,19,95,İstanbul,Bağcılar,43000
Daire,1+1,4,55,Samsun,Atakum,15500
Daire,4+1,2,150,Balıkesir,Edremit,40000
Daire,3+1,2,150,İstanbul,Küçükçekmece,37000 40000
Daire,2+1,Çatı katı,95,İzmir,Urla,30000
Daire,2+1,Düz Giriş (Zemin),106,Antalya,Kepez,18000
Daire,2+1,4,78,Antalya,Kepez,18500
Daire,3+1,3,175,Gaziantep,Şehitkamil,24000
Daire,3+1,3,125,İzmir,Konak,17500
Daire,2+1,4,90,İstanbul,Esenler,12000
Daire,1+1,Çatı katı,50,İstanbul,Ümraniye,30000
Daire,3+1,5,165,Gaziantep,Şahinbey,18500
Daire,3+1,13,175,Gaziantep,Şahinbey,20000
Daire,3+1,3,130,İzmir,Buca,32000
Daire,1+1,8,60,Zonguldak,Ereğli,16000
Daire,2+1,Bahçe katı,65,İstanbul,Eyüpsultan,20000
Daire,3+1,Yüksek giriş,168,Ankara,Etimesgut,25000
Daire,2+1,10,94,Ankara,Etimesgut,25000
Daire,4+1,3,155,İzmir,Menderes,46500
Daire,2+1,3,80,Kocaeli,Gebze,25000
Daire,2+1,Düz Giriş (Zemin),80,Kocaeli,Gebze,23000
Daire,2+1,3,86,İstanbul,Sancaktepe,23000
Daire,2+1,2,85,İstanbul,Şişli,24750
Daire,2+1,2,95,İstanbul,Kadıköy,65000
Daire,3+1,1,115,İzmir,Karşıyaka,30000
Daire,2+1,Düz Giriş (Zemin),75,İstanbul,Çatalca,26000
Daire,2+1,3,90,İstanbul,Çatalca,24750
Daire,1+1,Çatı katı,50,Afyonkarahisar,Afyonkarahisar Merkez,12500
Daire,3+1,4,163,Diyarbakır,Yenişehir,23000
Daire,3+1,Düz Giriş (Zemin),145,Diyarbakır,Yenişehir,20500
Daire,2+1,3,80,İstanbul,Zeytinburnu,20000
Daire,2+1,4,85,İstanbul,Küçükçekmece,15000
Daire,1+1,3,54,İzmir,Buca,15000
Daire,2+1,Yüksek giriş,85,İstanbul,Gaziosmanpaşa,22000
Daire,3+1,1,145,İstanbul,Beylikdüzü,43000
Daire,2+1,3,65,Bursa,Nilüfer,15000
Daire,3+1,1,125,Sakarya,Karasu,16000
Daire,3+0,2,70,İstanbul,Bayrampaşa,18000 20000
Daire,2+1,2,130,Malatya,Yeşilyurt,25000
Daire,3+1,Yüksek giriş,130,Ankara,Sincan,20000
Daire,3+1,3,130,Muğla,Milas,25000
Daire,6+1,3,240,Bursa,Nilüfer,27000
Daire,3+1,1,130,İstanbul,Şişli,40000
Daire,3+1,3,130,İstanbul,Küçükçekmece,30000
Daire,3+1,Kot 1 (-1),125,İzmir,Tire,16000
Daire,2+1,3,65,Bursa,Nilüfer,15000
Daire,3+1,1,125,Sakarya,Karasu,16000
Daire,3+0,2,70,İstanbul,Bayrampaşa,18000 20000
Daire,2+1,2,130,Malatya,Yeşilyurt,25000
Daire,3+1,Yüksek giriş,130,Ankara,Sincan,20000
Daire,3+1,3,130,Muğla,Milas,25000
Daire,6+1,3,240,Bursa,Nilüfer,27000
Daire,3+1,1,130,İstanbul,Şişli,40000
Daire,3+1,3,130,İstanbul,Küçükçekmece,30000
Daire,3+1,Kot 1 (-1),125,İzmir,Tire,16000
Daire,1+1,3,45,Eskişehir,Tepebaşı,11500
Daire,2+1,2,100,Eskişehir,Odunpazarı,18000
Daire,2+1,3,100,Balıkesir,Edremit,25000
Daire,1+1,4,70,Bursa,Nilüfer,14000
Daire,2+1,1,100,Bursa,Nilüfer,23000
Daire,3+1,5,130,Kırklareli,Lüleburgaz,25000
Daire,2+2,3,70,Balıkesir,Altıeylül,17000
Daire,4+1,1,160,Ankara,Altındağ,34000
Daire,1+1,Düz Giriş (Zemin),55,İzmir,Çeşme,32000
Daire,2+1,3,100,İzmir,Menemen,20000
Daire,3+1,9,140,İzmir,Karşıyaka,28000
Daire,2+0,13,75,Gaziantep,Şahinbey,14500
Daire,2+1,3,95,Gaziantep,Şahinbey,14500
Daire,1+1,Düz Giriş (Zemin),60,İstanbul,Bayrampaşa,15000
Daire,3+1,2,160,Antalya,Manavgat,27000
Daire,2+1,5,85,İstanbul,Kadıköy,70000
Daire,1+1,3,60,Çanakkale,Gelibolu,23000
Daire,3+1,2,140,Kırıkkale,Kırıkkale Merkez,8000
Daire,3+2,4,170,Tekirdağ,Kapaklı,20000
Daire,2+1,1,90,İstanbul,Sultanbeyli,28000
Daire,3+1,3,145,Edirne,Edirne Merkez,22000
Daire,3+1,1,130,İstanbul,Beşiktaş,155000
Daire,2+1,3,75,İstanbul,Küçükçekmece,24000 25800
Daire,1+1,1,55,Karabük,Karabük Merkez,9000
Daire,1+1,Kot 2 (-2),55,İzmir,Menemen,14000
Daire,3+1,4,118,Ankara,Etimesgut,21000
Daire,Stüdyo,Yüksek giriş,30,Adana,Seyhan,8000
Daire,3+1,2,130,Ankara,Keçiören,23000
Daire,2+1,1,135,Aydın,Nazilli,13000
Daire,3+1,5,200,Batman,Batman Merkez,21000
Daire,3+1,3,150,Batman,Batman Merkez,18000
Daire,2+1,2,110,Batman,Batman Merkez,13500
Daire,2+0,1,99,Bartın,Bartın Merkez,18000
Daire,3+1,4,125,Tekirdağ,Çorlu,26000
Daire,3+1,2,125,İstanbul,Sancaktepe,21000
Daire,2+1,11,85,İstanbul,Ümraniye,41000
Daire,2+1,Yüksek giriş,95,Ankara,Çankaya,32500
Daire,2+1,5,134,İstanbul,Küçükçekmece,63000
Daire,2+1,2,90,Giresun,Giresun Merkez,12000
Daire,2+1,2,80,Giresun,Giresun Merkez,15000
Daire,2+1,2,95,İzmir,Buca,25000
Daire,2+1,3,110,Bursa,İznik,20000
Daire,Stüdyo,9,40,İstanbul,Ataşehir,26000
Daire,3+1,1,110,Bursa,Osmangazi,11600
Daire,2+1,1,90,İzmir,Ödemiş,21000
Daire,1 Oda,Kot 2 (-2),40,İstanbul,Şişli,16000
Daire,4+1,8,280,Gaziantep,Şehitkamil,26000
Daire,1+1,3,105,Sakarya,Adapazarı,16500
Daire,4+1,4,145,Sakarya,Adapazarı,15500
Daire,2+1,1,85,İstanbul,Küçükçekmece,16000
Daire,2+1,3,100,Aydın,Didim,20000
Daire,3+1,Yüksek giriş,140,Kocaeli,Çayırova,22000
Daire,2+1,3,95,İzmir,Karşıyaka,31000
Daire,1+1,1,80,İstanbul,Eyüpsultan,48000
Daire,1+1,2,50,İzmir,Menemen,16000
Daire,1+1,3,60,İzmir,Menemen,15500
Daire,3+1,4,135,İzmir,Torbalı,20000
Daire,2+1,Yüksek giriş,110,Kocaeli,Gebze,22000
Daire,2+1,1,90,Muğla,Fethiye,23000
Daire,2+1,5,125,Elazığ,Elazığ Merkez,15500
Daire,2+0,Kot 2 (-2),65,Edirne,Edirne Merkez,20500
Daire,2+1,3,100,İstanbul,Esenyurt,22000
Daire,3+1,2,135,Erzurum,Palandöken,17500
Daire,2+1,3,75,Sakarya,Adapazarı,10000
Daire,3+1,3,135,Erzurum,Palandöken,17500
Daire,3+1,14,175,Mardin,Artuklu,15500
Daire,3+1,2,180,Mardin,Artuklu,13500
Daire,3+1,2,140,İzmir,Bornova,30000
Daire,4+1,8,214,Konya,Selçuklu,50000
Daire,3+1,3,165,İzmir,Karşıyaka,35000
Daire,2+1,Müstakil,100,Mersin,Tarsus,11000
Daire,3+1,7,150,Eskişehir,Tepebaşı,26000
Daire,2+1,4,110,Ankara,Çankaya,74000
Daire,1+1,1,70,Muğla,Fethiye,20000
Daire,3+1,2,180,Kilis,Kilis Merkez,14000
Daire,1+1,3,60,Adana,Sarıçam,8000 10000
Daire,1+1,Düz Giriş (Zemin),55,Amasya,Amasya Merkez,15000
Daire,2+1,3,120,Amasya,Amasya Merkez,26000
Daire,3+1,9,200,Mersin,Mezitli,25000
Daire,3+1,2,150,Bursa,Nilüfer,42000
Daire,2+1,2,90,İstanbul,Tuzla,22500
Daire,3+1,6,165,Mersin,Mezitli,17000
Daire,3+1,6,125,Denizli,Merkezefendi,32000
Daire,2+1,Kot 2 (-2),85,İstanbul,Şile,25000
Daire,3+1,2,115,Tekirdağ,Çorlu,18000
Daire,1+1,8,75,Tekirdağ,Çorlu,18000
Daire,2+1,2,100,İstanbul,Esenyurt,25000
Daire,Stüdyo,Düz Giriş (Zemin),45,İzmir,Konak,15000
Daire,2+1,6,95,Diyarbakır,Kayapınar,23000
Daire,3+1,7,185,Mersin,Mezitli,25000
Daire,3+1,2,100,Ankara,Yenimahalle,25500
Daire,2+1,3,100,İstanbul,Başakşehir,15500
Daire,1+1,4,65,Mersin,Erdemli,20000
Daire,3+1,1,130,Manisa,Akhisar,15000
Daire,2.5+1,Çatı katı,125,Konya,Karapınar,18000
Daire,2+1,9,120,Kayseri,Kocasinan,19000
Daire,2+1,9,120,Kayseri,Kocasinan,19000
Daire,2+1,1,70,Denizli,Pamukkale,14500
Daire,2+1,1,115,Denizli,Pamukkale,19000
Daire,1+1,4,55,Sakarya,Adapazarı,11000
Daire,2+1,4,115,Samsun,Atakum,22000
Daire,3+1,4,135,Samsun,Atakum,25000
Daire,3+1,1,135,Ankara,Yenimahalle,36000
Daire,3+1,5,150,Antalya,Muratpaşa,30000
Daire,3+1,2,150,Konya,Selçuklu,23000
Daire,1+1,12,44,Adana,Sarıçam,10000
Daire,3+1,7,175,Ankara,Etimesgut,65000
Daire,2+1,1,170,Düzce,Düzce Merkez,12500
Daire,1+1,19,85,İstanbul,Esenyurt,15000
Daire,1+1,2,55,Kırklareli,Kırklareli Merkez,15000
Daire,2+0,Yüksek giriş,75,Kırklareli,Kırklareli Merkez,18000
Daire,2+1,2,88,İzmir,Karşıyaka,38000
Daire,3+1,5,110,Ankara,Yenimahalle,25000
Daire,1+1,Yüksek giriş,70,Mersin,Yenişehir,16000
Daire,3+2,3,220,Kocaeli,Darıca,29000
Daire,3+1,14,135,Kayseri,Talas,13000
Daire,2+1,6,115,Kastamonu,Kastamonu Merkez,16500
Daire,2+1,2,95,Kastamonu,Kastamonu Merkez,15100
Daire,3+1,3,150,Ankara,Yenimahalle,27000
Daire,3+1,3,130,Çanakkale,Çanakkale Merkez,35000
Daire,3+1,6,180,Çanakkale,Çanakkale Merkez,54000
Daire,3+1,4,135,Sakarya,Arifiye,15000
Daire,3+1,3,135,İzmir,Konak,35000
Daire,2+1,4,120,İzmir,Buca,26000
Daire,3+1,9,135,İstanbul,Esenyurt,35000
Daire,3+1,1,185,Bursa,Yıldırım,17000
Daire,2+1,1,85,İzmir,Karşıyaka,29500
Daire,5+1,4,300,Ankara,Çankaya,115000
Daire,1+1,2,60,Bolu,Bolu Merkez,15000
Daire,2+1,1,95,Bursa,Orhangazi,18000
Daire,1+1,3,100,Antalya,Kepez,17500
Daire,3+1,1,120,Ankara,Sincan,23000
Daire,3+1,1,125,Ankara,Sincan,27000
Daire,3+1,Yüksek giriş,130,İstanbul,Kartal,24000
Daire,3+1,2,125,İstanbul,Pendik,34000
Daire,3+1,3,100,İstanbul,Pendik,32000
Daire,3+1,2,135,Ankara,Keçiören,23000
Daire,3+1,10,145,İstanbul,Kadıköy,135000
Daire,3+1,1,215,Malatya,Yeşilyurt,24000
Daire,2+1,Yüksek giriş,140,Malatya,Yeşilyurt,21000
Daire,3+1,Düz Giriş (Zemin),170,Mardin,Artuklu,11000
Daire,1+1,5,70,İstanbul,Sancaktepe,29000
Daire,1+1,6,90,İstanbul,Esenler,38000
Daire,2+1,3,65,Denizli,Pamukkale,12000
Daire,1+1,1,80,Mardin,Artuklu,14000
Daire,3+1,2,135,Balıkesir,Edremit,17999
Daire,2+1,4,90,Muğla,Yatağan,15000
Daire,2+1,Düz Giriş (Zemin),105,İzmir,Menderes,30000
Daire,1+1,4,60,Afyonkarahisar,Afyonkarahisar Merkez,10000
Daire,3+1,1,120,Afyonkarahisar,Afyonkarahisar Merkez,25500
Daire,2+1,2,95,Sakarya,Erenler,23000
Daire,4+1,6,200,İstanbul,Kadıköy,75000
Daire,2+1,2,90,Antalya,Alanya,18000
Daire,5+1,Çatı katı,300,Antalya,Alanya,55000
Daire,1+1,2,58,Ankara,Etimesgut,18000
Daire,3+1,2,140,Sakarya,Adapazarı,22000
Daire,1+1,5,55,Samsun,Atakum,15500
Daire,1+1,Düz Giriş (Zemin),55,Samsun,Atakum,13000
Daire,1+1,2,65,İstanbul,Bayrampaşa,19500
Daire,2+1,Düz Giriş (Zemin),80,İstanbul,Bayrampaşa,24500
Daire,2+1,Yüksek giriş,90,İstanbul,Bayrampaşa,28500
Daire,2+1,1,90,Ankara,Mamak,23000
Daire,2+1,2,105,Kocaeli,Başiskele,23000
Daire,2+1,Düz Giriş (Zemin),95,Antalya,Alanya,12000
Daire,2+1,Çatı katı,90,İstanbul,Arnavutköy,22000
Daire,2+1,Yüksek giriş,80,Tekirdağ,Süleymanpaşa,16000
Daire,3+1,8,150,Ankara,Sincan,15000
Daire,3+1,4,130,İzmir,Buca,36500
Daire,2+1,Yüksek giriş,100,Kocaeli,Gebze,18000
Daire,3+1,1,145,İstanbul,Ataşehir,32000
Daire,2+1,3,75,Aydın,Kuşadası,40000
Daire,2+1,Yüksek giriş,85,Aydın,Kuşadası,20000
Daire,2+1,4,95,Aydın,Kuşadası,18000
Daire,3+1,Bahçe katı,260,İzmir,Güzelbahçe,160000
Daire,1+1,2,65,Adana,Seyhan,22000
Daire,3+1,1,120,Ankara,Çankaya,42000
Daire,3+1,Düz Giriş (Zemin),150,Ankara,Çankaya,40000
Daire,Stüdyo,Düz Giriş (Zemin),50,Ankara,Çankaya,33000
Daire,2+1,2,105,Muğla,Dalaman,20000
Daire,2+1,Yüksek giriş,120,Balıkesir,Bandırma,16500
Daire,2+0,1,45,Afyonkarahisar,Afyonkarahisar Merkez,10000
Daire,2+0,2,45,Afyonkarahisar,Afyonkarahisar Merkez,10000
Daire,4+1,5,185,Tekirdağ,Çorlu,20000
Daire,2+1,Düz Giriş (Zemin),85,Bursa,Yıldırım,13000
Daire,2+1,4,130,Manisa,Soma,15250
Daire,1+1,2,60,Eskişehir,Tepebaşı,15000
Daire,2+1,5,130,İstanbul,Beyoğlu,30500
Daire,1+1,3,65,Kocaeli,İzmit,15500
Daire,2+1,2,80,İstanbul,Beşiktaş,40000
Daire,Stüdyo,2,26,Ankara,Çankaya,16500
Daire,2+1,5,115,Samsun,Canik,15000
Daire,Stüdyo,3,32,Ankara,Çankaya,18000
Daire,1+1,3,50,İstanbul,Bayrampaşa,18000
Daire,2+1,Düz Giriş (Zemin),90,İstanbul,Bahçelievler,20000
Daire,2+1,2,100,İstanbul,Sultangazi,23000
Daire,Stüdyo,Düz Giriş (Zemin),32,Ankara,Çankaya,18300
Daire,2+1,7,96,İstanbul,Kadıköy,50000
Daire,4+1,Çatı katı,150,Denizli,Pamukkale,15000
Daire,2+1,Bahçe katı,90,Muğla,Bodrum,28000
Daire,2+1,4,85,İstanbul,Fatih,45000
Daire,3+1,Düz Giriş (Zemin),130,Muğla,Köyceğiz,30000
Daire,1+1,1,60,Düzce,Düzce Merkez,10500
Daire,2+1,3,70,Düzce,Düzce Merkez,17000
Daire,4+1,2,140,İzmir,Urla,50000
Daire,1+1,5,55,Bursa,Nilüfer,15000
Daire,1+1,7,45,Düzce,Düzce Merkez,10000
Daire,2+1,Düz Giriş (Zemin),90,İstanbul,Sancaktepe,14000
Daire,3+1,Yüksek giriş,150,Ankara,Çankaya,27500
Daire,3+1,3,150,İzmir,Güzelbahçe,75000
Daire,3+1,Düz Giriş (Zemin),110,Ankara,Keçiören,17500
Daire,1 Oda,Çatı katı,70,Denizli,Pamukkale,8000
Daire,3+1,10,150,Bursa,Yıldırım,23000
Daire,2+1,1,130,Adana,Çukurova,21000
Daire,2+1,Yüksek giriş,70,İzmir,Bergama,17500
Daire,1+1,Bahçe katı,65,Bursa,Nilüfer,13000
Daire,2+1,3,85,İstanbul,Ataşehir,23500
Daire,3+1,Çatı katı,170,İstanbul,Büyükçekmece,55000
Daire,1+1,8,60,İstanbul,Avcılar,32000
Daire,2+1,3,100,Erzincan,Erzincan Merkez,13500
Daire,2+1,7,130,İstanbul,Beykoz,48000
Daire,2+1,2,100,Çanakkale,Çanakkale Merkez,35000
Daire,3+1,5,130,İstanbul,Kadıköy,43000
Daire,1+1,3,55,Kırklareli,Lüleburgaz,18500
Daire,3+1,4,110,İzmir,Karşıyaka,31000
Daire,3+1,1,160,Adana,Seyhan,16000
Daire,2+1,1,75,Mersin,Yenişehir,21500
Daire,4+1,10,200,Mersin,Yenişehir,80000
Daire,1+1,1,55,Eskişehir,Tepebaşı,11000
Daire,2+1,2,80,Eskişehir,Odunpazarı,15000
Daire,2+1,Yüksek giriş,76,İstanbul,Çekmeköy,35000
Daire,3+1,Çatı Dubleks,160,Balıkesir,Edremit,30000
Daire,2+1,6,120,Balıkesir,Karesi,12500
Daire,3+1,2,150,Balıkesir,Altıeylül,22500
Daire,3+1,1,135,Eskişehir,Tepebaşı,20000
Daire,3+1,6,180,Elazığ,Elazığ Merkez,22000
Daire,2+1,2,115,Ordu,Altınordu,18000
Daire,3+1,2,150,Ordu,Altınordu,23000
Daire,2+1,4,110,Tokat,Tokat Merkez,14250
Daire,2+1,1,110,Antalya,Alanya,30000
Daire,3+1,Yüksek giriş,100,İstanbul,Beykoz,19500
Daire,Stüdyo,2,50,İstanbul,Beykoz,37500
Daire,1+1,2,55,Hatay,Arsuz,16000
Daire,2+1,Bodrum,70,İstanbul,Kartal,17500
Daire,3+1,2,125,İstanbul,Kartal,30000
Daire,2.5+1,Yüksek giriş,110,Eskişehir,Odunpazarı,14000
Daire,2+1,Bahçe katı,90,İstanbul,Bakırköy,25000
Daire,2+1,3,136,İzmir,Bornova,43000
Daire,2+1,2,95,Mersin,Mezitli,18000
Daire,2+1,2,120,Mersin,Mezitli,33000
Daire,3+1,2,145,Konya,Selçuklu,23000
Daire,2+1,2,120,Diyarbakır,Bağlar,8500
Daire,3+1,Düz Giriş (Zemin),150,Muğla,Bodrum,70000
Daire,2+1,Kot 1 (-1),100,Bursa,Orhangazi,10000
Daire,2+1,2,105,Tekirdağ,Süleymanpaşa,22000
Daire,2+1,3,105,Tekirdağ,Süleymanpaşa,25500
Daire,1+1,1,70,İstanbul,Sancaktepe,28000
Daire,2+1,2,100,Niğde,Niğde Merkez,17000
Daire,2+1,4,105,Samsun,Bafra,15000
Daire,1+1,2,65,İzmir,Buca,19000
Daire,3+1,1,200,Antalya,Muratpaşa,80000
Daire,2+1,2,120,Diyarbakır,Bağlar,8500
Daire,3+1,Düz Giriş (Zemin),150,Muğla,Bodrum,70000
Daire,2+1,Kot 1 (-1),100,Bursa,Orhangazi,10000
Daire,2+1,2,105,Tekirdağ,Süleymanpaşa,22000
Daire,2+1,3,105,Tekirdağ,Süleymanpaşa,25500
Daire,1+1,1,70,İstanbul,Sancaktepe,28000
Daire,2+1,2,100,Niğde,Niğde Merkez,17000
Daire,2+1,4,105,Samsun,Bafra,15000
Daire,1+1,2,65,İzmir,Buca,19000
Daire,3+1,1,200,Antalya,Muratpaşa,80000
Daire,2+1,3,95,İstanbul,Üsküdar,29000
Daire,2+1,1,75,İstanbul,Üsküdar,30000
Daire,3+1,1,130,Sakarya,Sapanca,20000
Daire,2+1,Düz Giriş (Zemin),110,Bursa,Osmangazi,20000
Daire,3+1,7,150,Konya,Selçuklu,20000
Daire,2+1,2,110,Muğla,Datça,30000
Daire,2+1,Düz Giriş (Zemin),90,Kocaeli,Başiskele,20000
Daire,1+1,3,55,Tokat,Turhal,10000
Daire,3+1,3,120,İstanbul,Maltepe,29000
Daire,2+1,4,115,Antalya,Gazipaşa,17000
Daire,3+1,1,120,İstanbul,Tuzla,31500
Daire,2+1,5,85,İstanbul,Eyüpsultan,36000
Daire,1+1,1,50,İstanbul,Beşiktaş,40000
Daire,3+1,1,125,İstanbul,Şişli,30000
Daire,2+0,2,120,İzmir,Karabağlar,17000
Daire,1+1,2,80,Tekirdağ,Marmaraereğlisi,14500
Daire,1+1,Bahçe katı,70,İstanbul,Ümraniye,28000
Daire,2+1,4,100,Kayseri,Melikgazi,15500
Daire,3+1,1,95,Ankara,Çankaya,27000
Daire,1+1,3,90,İstanbul,Bahçelievler,23000
Daire,2+1,4,110,Samsun,Vezirköprü,15500
Daire,2+1,3,110,Bolu,Bolu Merkez,18500
Daire,2+1,8,90,İstanbul,Beylikdüzü,27000
Daire,1+1,10,75,Mersin,Yenişehir,22000
Daire,2+1,1,71,Balıkesir,Edremit,19000
Daire,2+1,Kot 3 (-3),95,İstanbul,Şişli,30000
Daire,2+1,3,105,Amasya,Amasya Merkez,20000
Daire,1+1,3,65,Kütahya,Kütahya Merkez,8500
Daire,2+1,1,70,İstanbul,Küçükçekmece,38000
Daire,1+1,2,40,Yozgat,Yozgat Merkez,12500
Daire,2+1,4,55,Yozgat,Yozgat Merkez,12000
Daire,2+1,3,105,Manisa,Turgutlu,18000
Daire,Stüdyo,Bodrum,30,Muğla,Menteşe,11000
Daire,3+1,Düz Giriş (Zemin),130,Karabük,Karabük Merkez,15000
Daire,3+1,2,130,Bursa,Gürsu,18000
Daire,2.5+1,Bahçe katı,100,İstanbul,Beyoğlu,80000
Daire,Stüdyo,8,31,İstanbul,Kağıthane,39000
Daire,1+1,10,62,İstanbul,Kağıthane,50000
Daire,4+1,1,550,İstanbul,Bakırköy,160000
Daire,1+1,Düz Giriş (Zemin),55,İzmir,Menemen,18500
Daire,Stüdyo,Düz Giriş (Zemin),35,İstanbul,Şişli,21500
Daire,2+1,2,60,İstanbul,Şişli,34500
Daire,2+1,1,80,İstanbul,Kağıthane,30000
Daire,2+1,3,80,İstanbul,Zeytinburnu,18000
Daire,3+1,3,120,İstanbul,Gaziosmanpaşa,25000
Daire,2+1,2,50,Isparta,Isparta Merkez,13500
Daire,2+0,2,45,Isparta,Isparta Merkez,12000
Daire,Stüdyo,Bahçe katı,370,Isparta,Isparta Merkez,7000
Daire,4+2,5,165,İstanbul,Beylikdüzü,36000
Daire,3+1,4,130,İstanbul,Beylikdüzü,28000
Daire,2+1,1,90,Ordu,Altınordu,27000
Daire,1+1,1,55,Ordu,Altınordu,13000
Daire,2+1,Çatı katı,95,Trabzon,Ortahisar,12000
Daire,2+1,3,90,İstanbul,Esenyurt,20000
Daire,4+1,4,220,Ankara,Çankaya,45000
Daire,4+1,10,220,Ankara,Etimesgut,50000
Daire,1+1,2,65,Muğla,Fethiye,21000
Daire,3+1,7,165,Adana,Çukurova,275000
Daire,3+1,2,185,Osmaniye,Bahçe,12500
Daire,2+1,Düz Giriş (Zemin),100,Muğla,Marmaris,25000
Daire,2+1,2,72,Balıkesir,Karesi,18500
Daire,3+1,1,125,Balıkesir,Karesi,28300
Daire,2+1,1,90,Balıkesir,Bandırma,17000
Daire,1+1,4,78,Balıkesir,Bandırma,13000
Daire,2+1,Bahçe katı,95,Yalova,Yalova Merkez,18000
Daire,4+1,4,270,Balıkesir,Bandırma,50000
Daire,2+1,1,85,Yalova,Çiftlikköy,20000
Daire,2+1,5,130,Konya,Selçuklu,20000
Daire,1+1,5,55,Samsun,Atakum,13000
Daire,3+1,5,170,Samsun,Atakum,32000
Daire,3+1,5,150,Samsun,İlkadım,24000
Daire,3+1,4,154,Kocaeli,İzmit,35000
Daire,3+1,Bahçe katı,180,Kocaeli,İzmit,44000
Daire,1+1,1,50,İzmir,Buca,28000
Daire,3+1,Düz Giriş (Zemin),105,İstanbul,Tuzla,26000
Daire,3.5+1,2,160,İstanbul,Beşiktaş,245000
Daire,3+1,3,160,İstanbul,Beşiktaş,260000
Daire,1+1,Yüksek giriş,55,Aydın,Nazilli,10000
Daire,2+1,14,142,İstanbul,Esenyurt,60000
Daire,2+1,Yüksek giriş,110,Muğla,Marmaris,35000
Daire,2+1,14,142,İstanbul,Esenyurt,60000
Daire,2+1,Yüksek giriş,110,Muğla,Marmaris,35000
Daire,2+1,1,110,Muğla,Marmaris,35000
Daire,3+1,6,165,İstanbul,Zeytinburnu,80000
Daire,1+1,3,55,Ordu,Altınordu,10280
Daire,1+1,Bodrum,90,Erzurum,Yakutiye,9500
Daire,2+1,4,85,İstanbul,Sarıyer,90000
Daire,1+1,2,55,Samsun,Atakum,12900
Daire,2+1,1,95,Antalya,Kepez,23000
Daire,1+1,3,55,Düzce,Düzce Merkez,10000
Daire,2+1,1,90,Düzce,Düzce Merkez,15000
Daire,2+1,4,80,İstanbul,Kartal,21000
Daire,3+1,3,120,İstanbul,Arnavutköy,24000
Daire,2+1,6,121,İstanbul,Pendik,40000
Daire,4+1,9,175,Sivas,Sivas Merkez,39000
Daire,2+1,2,103,İstanbul,Pendik,28500
Daire,3+1,2,120,Manisa,Akhisar,13000
Daire,2+1,8,130,İstanbul,Bağcılar,45000
Daire,1+1,8,55,İstanbul,Kağıthane,37000
Daire,2+1,7,100,İstanbul,Sarıyer,50000
Daire,2+1,10,130,İstanbul,Sarıyer,47000
Daire,1+1,Düz Giriş (Zemin),50,Düzce,Düzce Merkez,10000
Daire,2+1,4,65,Düzce,Düzce Merkez,15000
Daire,2+1,5,90,İstanbul,Pendik,28000
Daire,2+1,3,90,Samsun,Atakum,25000
Daire,1+1,3,60,Samsun,Atakum,29000
Daire,1+1,Yüksek giriş,50,Balıkesir,Bandırma,26000
Daire,3+1,3,145,Balıkesir,Gönen,25000
Daire,2+1,4,110,Bursa,Gemlik,11000
Daire,2+1,3,100,İstanbul,Pendik,35000
Daire,1+1,Düz Giriş (Zemin),50,Muğla,Ortaca,14500
Daire,1+1,3,61,İzmir,Aliağa,26000
Daire,1+1,8,84,İstanbul,Beylikdüzü,28000
Daire,1.5+1,Bahçe katı,65,İstanbul,Pendik,32000
Daire,1+1,3,60,İzmir,Buca,19000
Daire,3+1,10,160,Ordu,Fatsa,25000
Daire,3+1,1,140,Ordu,Fatsa,16000
Daire,3+1,16,160,Ordu,Fatsa,20000
Daire,2+2,1,125,Ordu,Altınordu,25000
Daire,3+1,4,140,Bursa,Nilüfer,25000
Daire,3+1,2,150,Bursa,Nilüfer,27000
Daire,2+1,3,110,İstanbul,Büyükçekmece,21000
Daire,2+1,Bahçe katı,100,İstanbul,Ataşehir,30750
Daire,3+1,4,125,Ankara,Yenimahalle,35000
Daire,2+1,Çatı katı,70,İstanbul,Maltepe,27000
Daire,2+1,Yüksek giriş,85,İstanbul,Ataşehir,37000
Daire,2+1,2,100,Antalya,Kepez,23000
Daire,2+1,3,100,Antalya,Kepez,30000
Daire,1+1,1,70,Antalya,Muratpaşa,20000
Daire,2+1,4,90,Bursa,Nilüfer,15500
Daire,3+1,1,135,Bursa,Nilüfer,32500
Daire,2+1,Düz Giriş (Zemin),95,Antalya,Kepez,13000
Daire,1+1,8,82,Mersin,Mezitli,20000
Daire,3+1,4,135,Antalya,Serik,18000
Daire,1+1,2,55,Tekirdağ,Çorlu,14500
Daire,4+1,3,170,Balıkesir,Ayvalık,40000
Daire,2+1,2,110,Aydın,Didim,26000
Daire,4+1,Müstakil,210,Antalya,Kepez,30000
Daire,2+1,2,100,İstanbul,Tuzla,35000
Daire,1+1,3,45,İzmir,Buca,18000
Daire,2+1,2,60,Karaman,Karaman Merkez,15500
Daire,Stüdyo,12,25,İstanbul,Esenyurt,9500
Daire,2+1,6,90,İstanbul,Esenyurt,25000
Daire,3+1,3,135,Bursa,Mustafakemalpaşa,13500
Daire,4+1,3,145,Afyonkarahisar,Afyonkarahisar Merkez,17000
Daire,3+1,1,145,Afyonkarahisar,Afyonkarahisar Merkez,13000
Daire,3+1,3,125,Afyonkarahisar,Afyonkarahisar Merkez,18000
Daire,3+0,Çatı katı,110,Kocaeli,Karamürsel,23000
Daire,4+2,Villa tipi,170,Kocaeli,Karamürsel,22000
Daire,4+2,6,265,Konya,Karatay,30000
Daire,2+1,3,105,Malatya,Battalgazi,20000
Daire,2+1,7,131,Ankara,Çankaya,53000
Daire,2+1,3,85,İstanbul,Kağıthane,28000
Daire,3+1,2,155,İstanbul,Kağıthane,48000
Daire,2+1,1,75,İstanbul,Kağıthane,30500
Daire,2+1,3,90,İstanbul,Sultangazi,21000
Daire,2+1,1,85,Antalya,Konyaaltı,45000
Daire,2+1,3,85,Antalya,Konyaaltı,35000
Daire,4+1,2,175,Sakarya,Erenler,18000
Daire,1+1,3,60,Aydın,Nazilli,13000
Daire,3+1,2,145,Manisa,Ahmetli,17000
Daire,3+1,8,210,Aydın,Nazilli,28000
Daire,2+1,4,130,Manisa,Ahmetli,15000
Daire,3+1,1,125,İzmir,Çiğli,15000
Daire,1+1,Bahçe katı,100,Muğla,Marmaris,300000
Daire,3+1,1,140,Samsun,Bafra,17000
Daire,3+1,4,170,Denizli,Merkezefendi,21000
Daire,1+1,2,55,Denizli,Pamukkale,13000
Daire,2+1,3,70,Denizli,Pamukkale,14000
Daire,1+1,1,50,Hatay,İskenderun,16000
Daire,3+1,4,130,Hatay,İskenderun,18000
Daire,3+1,2,160,Burdur,Burdur Merkez,12000
Daire,3+1,3,110,Muğla,Milas,27000
Daire,3+2,Bahçe katı,250,İstanbul,Üsküdar,99000
Daire,2+1,2,85,Antalya,Kepez,29000
Daire,2+1,2,100,Antalya,Kepez,25000
Daire,3+1,Yüksek giriş,190,Denizli,Pamukkale,50000
Daire,5+2,5,300,Edirne,Edirne Merkez,40000
Daire,2+1,4,110,Kütahya,Kütahya Merkez,13500
Daire,1.5+1,3,55,Denizli,Pamukkale,19000
Daire,2+1,Düz Giriş (Zemin),75,İstanbul,Gaziosmanpaşa,15000
Daire,3+1,3,110,İzmir,Kemalpaşa,28000
Daire,1+1,5,55,Çanakkale,Çanakkale Merkez,18500
Daire,2+1,3,120,Tekirdağ,Çerkezköy,25000
Daire,3+1,5,185,Diyarbakır,Kayapınar,25000
Daire,1+1,2,65,Mersin,Yenişehir,15000
Daire,3+1,6,170,Kayseri,Talas,22000
Daire,2+1,Bahçe katı,110,Muğla,Bodrum,50000
Daire,1+1,6,60,İzmir,Bornova,35000
Daire,2+1,Yüksek giriş,85,İzmir,Urla,45000
Daire,1+1,Yüksek giriş,90,Bursa,İnegöl,20000
Daire,2+1,5,100,Bursa,Gemlik,15000
Daire,3+1,6,135,Bursa,Gemlik,18000
Daire,3+1,Düz Giriş (Zemin),155,Kayseri,Melikgazi,8000
Daire,3+1,2,135,Balıkesir,Altıeylül,20000
Daire,3+1,2,120,İstanbul,Sancaktepe,27000
Daire,3+1,3,130,Manisa,Soma,21000
Daire,3+1,3,145,Ankara,Altındağ,30000
Daire,1+1,6,60,Amasya,Amasya Merkez,12000
Daire,2+0,Düz Giriş (Zemin),70,Amasya,Amasya Merkez,13500
Daire,2+1,3,120,Ordu,Altınordu,24750
Daire,2+1,3,77,Ordu,Altınordu,18750
Daire,3+1,5,140,Ordu,Altınordu,24000
Daire,2+1,2,95,İstanbul,Silivri,20000
Daire,3+1,2,120,Bursa,İnegöl,26000
Daire,2+1,2,95,Balıkesir,Karesi,13000
Daire,1+1,Bahçe katı,70,İstanbul,Sarıyer,15000
Daire,2+1,2,100,İstanbul,Sarıyer,35000
Daire,2+1,2,120,Sakarya,Hendek,25000
Daire,3+1,3,120,Yalova,Çiftlikköy,20000
Daire,2+1,3,70,İstanbul,Ataşehir,29000
Daire,2+1,Yüksek giriş,75,İstanbul,Ataşehir,31000
Daire,2+1,2,85,İstanbul,Ataşehir,40000
Daire,1+1,Çatı katı,65,İstanbul,Maltepe,26000
Daire,2+1,3,105,Yalova,Yalova Merkez,18000
Daire,2+1,3,115,Tekirdağ,Çerkezköy,17000
Daire,2+1,4,85,İzmir,Buca,21000
Daire,2+1,Düz Giriş (Zemin),75,İzmir,Buca,11500
Daire,1+1,1,55,Eskişehir,Odunpazarı,15000
Daire,2+1,3,85,Kırklareli,Vize,21500
Daire,3+1,4,135,Kayseri,Talas,18500
Daire,3+1,Çatı Dubleks,280,Giresun,Giresun Merkez,20000
Daire,Stüdyo,Bodrum,65,Burdur,Burdur Merkez,9000
Daire,2+1,2,95,Kocaeli,Gebze,24000
Daire,2+1,3,95,Bartın,Bartın Merkez,22500
Daire,2+1,3,84,Ordu,Altınordu,20000
Daire,3+1,Düz Giriş (Zemin),125,Ankara,Çankaya,21500
Daire,3+1,Yüksek giriş,125,Ankara,Çankaya,35000
Daire,2+1,3,95,İzmir,Bergama,20000
Daire,1+1,9,65,Mersin,Yenişehir,17500
Daire,1+1,5,60,Mersin,Mezitli,13500
Daire,2+1,Çatı katı,90,İstanbul,Bayrampaşa,27000
Daire,3+1,5,125,Sakarya,Adapazarı,14000
Daire,2+1,3,146,Trabzon,Of,13000
Daire,2+1,1,90,Erzurum,Palandöken,18000
Daire,2+1,3,145,Trabzon,Of,10000
Daire,2+1,Düz Giriş (Zemin),100,Kocaeli,Çayırova,16500
Daire,3+1,2,150,Bursa,Nilüfer,35750
Daire,2+1,2,110,Bursa,Gürsu,16000
Daire,1+1,13,88,Bursa,Osmangazi,24500
Daire,2+1,Düz Giriş (Zemin),90,Aydın,Didim,125000
Daire,1+1,5,75,Bursa,Osmangazi,25000
Daire,2+1,2,85,İstanbul,Beşiktaş,42000
Daire,2+1,2,75,İstanbul,Beşiktaş,42000
Daire,2+1,Yüksek giriş,100,İstanbul,Beşiktaş,35000
Daire,1+1,Yüksek giriş,60,Samsun,Atakum,11000
Daire,3+1,4,155,Samsun,Atakum,37000
Daire,2+0,6,88,Samsun,Atakum,30000
Daire,2+1,4,100,Aydın,Kuşadası,35000
Daire,2+1,6,95,Giresun,Giresun Merkez,13000
Daire,1+1,2,55,Antalya,Alanya,20000
Daire,1+1,1,65,Tekirdağ,Kapaklı,15000
Daire,2+1,4,100,Tekirdağ,Kapaklı,10000
Daire,3+1,5,130,Samsun,Bafra,8000
Daire,3+1,5,130,İstanbul,Küçükçekmece,36000
Daire,3+1,Düz Giriş (Zemin),110,Yalova,Yalova Merkez,22000
Daire,2+1,4,95,İstanbul,Küçükçekmece,32000
Daire,3+1,1,140,Yalova,Yalova Merkez,19000
Daire,3+1,3,130,Adana,Seyhan,13000
Daire,3+1,3,130,İzmir,Buca,30000
Daire,1+1,2,55,Antalya,Alanya,20000
Daire,1+1,1,65,Tekirdağ,Kapaklı,15000
Daire,2+1,4,100,Tekirdağ,Kapaklı,10000
Daire,3+1,5,130,Samsun,Bafra,8000
Daire,3+1,5,130,İstanbul,Küçükçekmece,36000
Daire,3+1,Düz Giriş (Zemin),110,Yalova,Yalova Merkez,22000
Daire,2+1,4,95,İstanbul,Küçükçekmece,32000
Daire,3+1,1,140,Yalova,Yalova Merkez,19000
Daire,3+1,3,130,Adana,Seyhan,13000
Daire,3+1,3,130,İzmir,Buca,30000
Daire,2+1,2,90,İzmir,Buca,24000
Daire,4+2,3,200,İstanbul,Tuzla,70000
Daire,1+1,1,62,Samsun,Atakum,22000
Daire,2+1,2,90,Gaziantep,Şahinbey,17500
Daire,2+1,Düz Giriş (Zemin),195,Şanlıurfa,Karaköprü,15000
Daire,4+1,3,170,Ankara,Keçiören,28000
Daire,4+1,11,122,İstanbul,Tuzla,49000
Daire,3+1,3,120,İstanbul,Tuzla,40000
Daire,2+1,1,100,Şanlıurfa,Karaköprü,14500
Daire,3+1,2,165,İstanbul,Kadıköy,63000
Daire,1+1,13,55,İstanbul,Bakırköy,37500
Daire,5+1,8,300,İstanbul,Bakırköy,275000
Daire,1+1,12,55,İstanbul,Bakırköy,40000
Daire,1+1,1,70,İstanbul,Başakşehir,35000
Daire,3+1,4,115,İzmir,Torbalı,20000
Daire,3+1,Yüksek giriş,150,İstanbul,Kadıköy,70000
Daire,3+1,3,250,Aydın,Söke,37000
Daire,2+1,5,90,Balıkesir,Altıeylül,16000
Daire,2+1,4,110,Manisa,Salihli,15000
Daire,3+1,2,140,Antalya,Manavgat,21000
Daire,3+1,Düz Giriş (Zemin),157,Antalya,Döşemealtı,53000
Daire,1+1,2,70,Antalya,Aksu,25000
Daire,3+1,3,140,Tekirdağ,Çerkezköy,20000
Daire,2+1,5,115,Antalya,Muratpaşa,30000
Daire,3+1,3,140,Muğla,Milas,25000
Daire,3+1,3,160,Konya,Selçuklu,24000
Daire,3+1,1,110,Ankara,Çankaya,33000
Daire,3+1,3,140,Ankara,Akyurt,22000
Daire,3+1,3,180,Muğla,Ortaca,30000
Daire,2+1,Müstakil,120,Muğla,Ortaca,20000
Daire,1+1,3,665,İstanbul,Şişli,27000
Daire,2+1,6,115,İstanbul,Beylikdüzü,45000
Daire,1+1,9,55,Samsun,Atakum,15500
Daire,1+1,1,75,Tekirdağ,Çorlu,12750
Daire,2+1,Kot 2 (-2),75,İstanbul,Kağıthane,29000
Daire,3+1,1,152,Sakarya,Adapazarı,21000
Daire,2+1,Bahçe dublex,105,İstanbul,Sultanbeyli,20000
Daire,2+1,Düz Giriş (Zemin),90,İstanbul,Şişli,37500
Daire,1+1,1,50,İstanbul,Beyoğlu,7500
Daire,1+1,Düz Giriş (Zemin),70,İstanbul,Eyüpsultan,24000
Daire,2+0,2,50,Afyonkarahisar,Afyonkarahisar Merkez,10750
Daire,2+1,1,75,Muğla,Ula,35000
Daire,2+1,Yüksek giriş,95,İstanbul,Arnavutköy,25000
Daire,4+1,4,170,Antalya,Muratpaşa,30000
Daire,3+1,2,120,Mersin,Yenişehir,20000
Daire,3+1,2,190,İstanbul,Beykoz,55000
Daire,2+1,1,120,Gaziantep,Şehitkamil,23750
Daire,2+1,Çatı katı,105,Antalya,Manavgat,21000
Daire,1+1,4,55,Samsun,Atakum,13500
Daire,2+1,1,100,Gaziantep,Şahinbey,21000
Daire,3+1,4,115,İstanbul,Pendik,29000
Daire,3+1,1,160,İstanbul,Bahçelievler,55000
Daire,1+1,2,60,Adana,Sarıçam,9000
Daire,2+1,3,92,Bursa,Nilüfer,19500
Daire,3+1,11,220,Kayseri,Melikgazi,19500
Daire,3+1,5,122,İzmir,Çiğli,26000
Daire,2+1,2,100,Antalya,Kepez,21000
Daire,2+1,4,105,Denizli,Merkezefendi,18500
Daire,3+1,5,160,Mersin,Silifke,17000
Daire,1+1,Yüksek giriş,55,İstanbul,Fatih,19000
Daire,3+1,2,140,Aydın,Efeler,25000
Daire,2+1,4,110,Samsun,İlkadım,13000
Daire,3+1,1,150,Denizli,Pamukkale,20000
Daire,2+1,2,100,İzmir,Karabağlar,16500
Daire,3+1,Çatı katı,120,Ankara,Çankaya,25000
Daire,2+1,1,95,Karabük,Karabük Merkez,16000
Daire,2+1,6,110,Konya,Seydişehir,15500
Daire,3+1,3,120,İstanbul,Kartal,48000
Daire,2+1,1,95,Diyarbakır,Kayapınar,24500
Daire,3+1,3,138,İzmir,Karabağlar,32500
Daire,2+1,Bahçe katı,90,İstanbul,Eyüpsultan,16000 18000
Daire,1+1,3,75,Kocaeli,İzmit,14000
Daire,3+1,1,110,Konya,Seydişehir,13000
Daire,2+1,2,86,Manisa,Şehzadeler,16000
Daire,1+1,Bahçe katı,65,İstanbul,Esenler,16000
Daire,3+1,8,147,İstanbul,Küçükçekmece,50500
Daire,2+1,Yüksek giriş,77,Kocaeli,İzmit,23000 25000
Daire,2+1,3,110,İstanbul,Esenyurt,15000
Daire,3+1,3,128,İstanbul,Esenyurt,25000
Daire,4+1,5,170,Antalya,Finike,37000